Timestamp,UTC,Callsign,Position,Altitude,Speed,Direction
1764190191,2025-11-26T20:49:51Z,UBT795,"51.155571,-0.169917",0,0,165
1764190253,2025-11-26T20:50:53Z,UBT795,"51.155777,-0.17001",0,2,165
1764190271,2025-11-26T20:51:11Z,UBT795,"51.155983,-0.170121",0,2,182
1764190288,2025-11-26T20:51:28Z,UBT795,"51.156197,-0.170174",0,3,210
1764190309,2025-11-26T20:51:49Z,UBT795,"51.156406,-0.169983",0,2,236
1764190327,2025-11-26T20:52:07Z,UBT795,"51.156521,-0.169754",0,2,253
1764190659,2025-11-26T20:57:39Z,UBT795,"51.156498,-0.169973",0,6,255
1764190666,2025-11-26T20:57:46Z,UBT795,"51.156452,-0.170326",0,7,255
1764190674,2025-11-26T20:57:54Z,UBT795,"51.156395,-0.170784",0,8,255
1764190681,2025-11-26T20:58:01Z,UBT795,"51.156322,-0.171223",0,9,255
1764190689,2025-11-26T20:58:09Z,UBT795,"51.156254,-0.171776",0,10,255
1764190697,2025-11-26T20:58:17Z,UBT795,"51.156166,-0.172311",0,8,253
1764190705,2025-11-26T20:58:25Z,UBT795,"51.156109,-0.172664",0,6,253
1764190711,2025-11-26T20:58:31Z,UBT795,"51.156055,-0.172939",0,7,250
1764190717,2025-11-26T20:58:37Z,UBT795,"51.15593,-0.173149",0,7,230
1764190724,2025-11-26T20:58:44Z,UBT795,"51.155697,-0.173202",0,7,194
1764190732,2025-11-26T20:58:52Z,UBT795,"51.155464,-0.173092",0,6,171
1764190739,2025-11-26T20:58:59Z,UBT795,"51.155254,-0.173035",0,6,168
1764190747,2025-11-26T20:59:07Z,UBT795,"51.155045,-0.17296",0,6,165
1764190755,2025-11-26T20:59:15Z,UBT795,"51.154827,-0.172886",0,6,165
1764190763,2025-11-26T20:59:23Z,UBT795,"51.15461,-0.172812",0,5,165
1764190773,2025-11-26T20:59:33Z,UBT795,"51.154392,-0.172729",0,5,165
1764190781,2025-11-26T20:59:41Z,UBT795,"51.154182,-0.172653",0,5,165
1764190789,2025-11-26T20:59:49Z,UBT795,"51.15398,-0.172589",0,5,165
1764190799,2025-11-26T20:59:59Z,UBT795,"51.153751,-0.17252",0,5,165
1764190809,2025-11-26T21:00:09Z,UBT795,"51.153534,-0.172441",0,5,165
1764190818,2025-11-26T21:00:18Z,UBT795,"51.153214,-0.172329",0,8,165
1764190826,2025-11-26T21:00:26Z,UBT795,"51.153008,-0.172253",0,6,165
1764190836,2025-11-26T21:00:36Z,UBT795,"51.152752,-0.172081",0,5,154
1764190850,2025-11-26T21:00:50Z,UBT795,"51.152611,-0.171852",0,3,140
1764190859,2025-11-26T21:00:59Z,UBT795,"51.152584,-0.171643",0,3,115
1764190866,2025-11-26T21:01:06Z,UBT795,"51.152607,-0.17142",0,4,95
1764190873,2025-11-26T21:01:13Z,UBT795,"51.152641,-0.17116",0,6,84
1764190879,2025-11-26T21:01:19Z,UBT795,"51.152668,-0.170918",0,6,78
1764190891,2025-11-26T21:01:31Z,UBT795,"51.152718,-0.170555",0,3,75
1764190901,2025-11-26T21:01:41Z,UBT795,"51.152744,-0.170344",0,3,75
1764190911,2025-11-26T21:01:51Z,UBT795,"51.152775,-0.170116",0,3,75
1764190922,2025-11-26T21:02:02Z,UBT795,"51.152813,-0.16988",0,2,75
1764190933,2025-11-26T21:02:13Z,UBT795,"51.152832,-0.169678",0,3,75
1764190948,2025-11-26T21:02:28Z,UBT795,"51.15287,-0.169472",0,0,75
1764191142,2025-11-26T21:05:42Z,UBT795,"51.152889,-0.169258",0,1,75
1764191153,2025-11-26T21:05:53Z,UBT795,"51.152927,-0.169029",0,4,75
1764191161,2025-11-26T21:06:01Z,UBT795,"51.15295,-0.168766",0,5,78
1764191167,2025-11-26T21:06:07Z,UBT795,"51.15295,-0.168533",0,4,87
1764191178,2025-11-26T21:06:18Z,UBT795,"51.152832,-0.168304",0,4,115
1764191190,2025-11-26T21:06:30Z,UBT795,"51.152622,-0.16819",0,3,149
1764191207,2025-11-26T21:06:47Z,UBT795,"51.152401,-0.168095",0,5,160
1764191215,2025-11-26T21:06:55Z,UBT795,"51.15218,-0.168037",0,8,165
1764191220,2025-11-26T21:07:00Z,UBT795,"51.151966,-0.16795",0,11,165
1764191224,2025-11-26T21:07:04Z,UBT795,"51.151714,-0.167885",0,12,168
1764191229,2025-11-26T21:07:09Z,UBT795,"51.151482,-0.167847",0,9,171
1764191237,2025-11-26T21:07:17Z,UBT795,"51.151245,-0.167987",0,7,199
1764191242,2025-11-26T21:07:22Z,UBT795,"51.151165,-0.168247",0,7,230
1764191247,2025-11-26T21:07:27Z,UBT795,"51.151134,-0.168552",0,10,250
1764191252,2025-11-26T21:07:32Z,UBT795,"51.151085,-0.169008",0,15,255
1764191259,2025-11-26T21:07:39Z,UBT795,"51.150959,-0.169945",0,31,255
1764191261,2025-11-26T21:07:41Z,UBT795,"51.150856,-0.170696",0,40,255
1764191262,2025-11-26T21:07:42Z,UBT795,"51.150799,-0.171142",0,50,255
1764191264,2025-11-26T21:07:44Z,UBT795,"51.150692,-0.171871",0,54,255
1764191265,2025-11-26T21:07:45Z,UBT795,"51.150658,-0.172157",0,59,255
1764191267,2025-11-26T21:07:47Z,UBT795,"51.150478,-0.173406",0,72,255
1764191269,2025-11-26T21:07:49Z,UBT795,"51.150341,-0.174465",0,76,255
1764191270,2025-11-26T21:07:50Z,UBT795,"51.150261,-0.175002",0,82,255
1764191272,2025-11-26T21:07:52Z,UBT795,"51.150192,-0.175591",0,86,255
1764191273,2025-11-26T21:07:53Z,UBT795,"51.149963,-0.17734",0,95,257
1764191275,2025-11-26T21:07:55Z,UBT795,"51.14978,-0.178676",25,107,257
1764191277,2025-11-26T21:07:57Z,UBT795,"51.149456,-0.18074",50,115,257
1764191281,2025-11-26T21:08:01Z,UBT795,"51.149094,-0.18365",25,119,257
1764191289,2025-11-26T21:08:09Z,UBT795,"51.147781,-0.192947",25,146,257
1764191296,2025-11-26T21:08:16Z,UBT795,"51.146713,-0.200946",75,177,258
1764191303,2025-11-26T21:08:23Z,UBT795,"51.145569,-0.210225",325,177,257
1764191312,2025-11-26T21:08:32Z,UBT795,"51.143963,-0.221024",725,177,255
1764191318,2025-11-26T21:08:38Z,UBT795,"51.142567,-0.229568",1100,175,255
1764191327,2025-11-26T21:08:47Z,UBT795,"51.140938,-0.239639",1400,173,255
1764191333,2025-11-26T21:08:53Z,UBT795,"51.139664,-0.247786",1525,177,255
1764191341,2025-11-26T21:09:01Z,UBT795,"51.138004,-0.258255",1650,184,256
1764191349,2025-11-26T21:09:09Z,UBT795,"51.136375,-0.269547",1750,190,257
1764191356,2025-11-26T21:09:16Z,UBT795,"51.13512,-0.278397",1875,194,257
1764191365,2025-11-26T21:09:25Z,UBT795,"51.133484,-0.290395",2075,197,258
1764191371,2025-11-26T21:09:31Z,UBT795,"51.132294,-0.299526",2250,199,258
1764191379,2025-11-26T21:09:39Z,UBT795,"51.130791,-0.310898",2475,200,258
1764191388,2025-11-26T21:09:48Z,UBT795,"51.129135,-0.323726",2725,202,258
1764191394,2025-11-26T21:09:54Z,UBT795,"51.127998,-0.332565",2900,201,258
1764191402,2025-11-26T21:10:02Z,UBT795,"51.126434,-0.344956",3150,202,258
1764191411,2025-11-26T21:10:11Z,UBT795,"51.124924,-0.35661",3425,202,258
1764191417,2025-11-26T21:10:17Z,UBT795,"51.123734,-0.365592",3625,202,258
1764191425,2025-11-26T21:10:25Z,UBT795,"51.121994,-0.378063",3900,200,257
1764191433,2025-11-26T21:10:33Z,UBT795,"51.120255,-0.389866",4150,201,255
1764191435,2025-11-26T21:10:35Z,UBT795,"51.119759,-0.392838",4225,201,253
1764191437,2025-11-26T21:10:37Z,UBT795,"51.119198,-0.395355",4275,202,250
1764191439,2025-11-26T21:10:39Z,UBT795,"51.118454,-0.398102",4325,203,245
1764191442,2025-11-26T21:10:42Z,UBT795,"51.117508,-0.400927",4375,204,240
1764191444,2025-11-26T21:10:44Z,UBT795,"51.116264,-0.403824",4425,205,235
1764191446,2025-11-26T21:10:46Z,UBT795,"51.115334,-0.405731",4450,208,231
1764191448,2025-11-26T21:10:48Z,UBT795,"51.113937,-0.408127",4500,210,226
1764191450,2025-11-26T21:10:50Z,UBT795,"51.112167,-0.410767",4550,212,222
1764191452,2025-11-26T21:10:52Z,UBT795,"51.110401,-0.412827",4600,214,217
1764191454,2025-11-26T21:10:54Z,UBT795,"51.10881,-0.414511",4625,218,211
1764191456,2025-11-26T21:10:56Z,UBT795,"51.106956,-0.416183",4675,220,207
1764191458,2025-11-26T21:10:58Z,UBT795,"51.105328,-0.417404",4700,220,205
1764191460,2025-11-26T21:11:00Z,UBT795,"51.103184,-0.418701",4750,223,199
1764191462,2025-11-26T21:11:02Z,UBT795,"51.101486,-0.419559",4800,226,197
1764191464,2025-11-26T21:11:04Z,UBT795,"51.099426,-0.420301",4825,228,192
1764191466,2025-11-26T21:11:06Z,UBT795,"51.096806,-0.420914",4875,230,186
1764191468,2025-11-26T21:11:08Z,UBT795,"51.094345,-0.421118",4950,233,182
1764191470,2025-11-26T21:11:10Z,UBT795,"51.092606,-0.421044",4975,235,179
1764191472,2025-11-26T21:11:12Z,UBT795,"51.08987,-0.420837",5050,235,176
1764191475,2025-11-26T21:11:15Z,UBT795,"51.087681,-0.420532",5100,236,174
1764191477,2025-11-26T21:11:17Z,UBT795,"51.085495,-0.420227",5150,237,174
1764191479,2025-11-26T21:11:19Z,UBT795,"51.083305,-0.419846",5200,238,173
1764191481,2025-11-26T21:11:21Z,UBT795,"51.081352,-0.419464",5225,239,173
1764191483,2025-11-26T21:11:23Z,UBT795,"51.078884,-0.41893",5275,242,172
1764191485,2025-11-26T21:11:25Z,UBT795,"51.076584,-0.418445",5300,242,171
1764191487,2025-11-26T21:11:27Z,UBT795,"51.073883,-0.417703",5325,245,170
1764191489,2025-11-26T21:11:29Z,UBT795,"51.071762,-0.417099",5350,248,169
1764191491,2025-11-26T21:11:31Z,UBT795,"51.069397,-0.416293",5375,250,168
1764191493,2025-11-26T21:11:33Z,UBT795,"51.067013,-0.415421",5400,252,167
1764191495,2025-11-26T21:11:35Z,UBT795,"51.064732,-0.414581",5425,254,166
1764191498,2025-11-26T21:11:38Z,UBT795,"51.062218,-0.413513",5450,256,165
1764191500,2025-11-26T21:11:40Z,UBT795,"51.060013,-0.412581",5475,257,164
1764191502,2025-11-26T21:11:42Z,UBT795,"51.057037,-0.411171",5525,260,164
1764191504,2025-11-26T21:11:44Z,UBT795,"51.054585,-0.41008",5575,261,164
1764191506,2025-11-26T21:11:46Z,UBT795,"51.052723,-0.409241",5575,264,164
1764191521,2025-11-26T21:12:01Z,UBT795,"51.034836,-0.401521",5775,276,164
1764191533,2025-11-26T21:12:13Z,UBT795,"51.018646,-0.394363",5975,285,164
1764191546,2025-11-26T21:12:26Z,UBT795,"51.002609,-0.387194",6325,289,164
1764191559,2025-11-26T21:12:39Z,UBT795,"50.98592,-0.379791",6750,290,164
1764191574,2025-11-26T21:12:54Z,UBT795,"50.966972,-0.371323",7225,293,164
1764191586,2025-11-26T21:13:06Z,UBT795,"50.950562,-0.364033",7625,296,164
1764191599,2025-11-26T21:13:19Z,UBT795,"50.933174,-0.356369",7975,299,164
1764191614,2025-11-26T21:13:34Z,UBT795,"50.913578,-0.3479",8400,302,164
1764191626,2025-11-26T21:13:46Z,UBT795,"50.897003,-0.340729",8750,305,164
1764191641,2025-11-26T21:14:01Z,UBT795,"50.877033,-0.332108",9200,307,164
1764191653,2025-11-26T21:14:13Z,UBT795,"50.859512,-0.324542",9525,312,164
1764191666,2025-11-26T21:14:26Z,UBT795,"50.841469,-0.316925",9875,314,165
1764191681,2025-11-26T21:14:41Z,UBT795,"50.821079,-0.30838",10200,320,165
1764191694,2025-11-26T21:14:54Z,UBT795,"50.802086,-0.300369",10300,332,164
1764191707,2025-11-26T21:15:07Z,UBT795,"50.78244,-0.291977",10425,344,164
1764191719,2025-11-26T21:15:19Z,UBT795,"50.762421,-0.283418",10575,352,164
1764191734,2025-11-26T21:15:34Z,UBT795,"50.739567,-0.273819",10775,362,165
1764191746,2025-11-26T21:15:46Z,UBT795,"50.719162,-0.265231",10925,369,164
1764191759,2025-11-26T21:15:59Z,UBT795,"50.697903,-0.256195",11100,377,164
1764191774,2025-11-26T21:16:14Z,UBT795,"50.672249,-0.245438",11275,388,165
1764191786,2025-11-26T21:16:26Z,UBT795,"50.65036,-0.236206",11400,395,165
1764191799,2025-11-26T21:16:39Z,UBT795,"50.627838,-0.226665",11550,404,164
1764191814,2025-11-26T21:16:54Z,UBT795,"50.600281,-0.214976",11700,412,164
1764191828,2025-11-26T21:17:08Z,UBT795,"50.573048,-0.203618",11925,422,164
1764191841,2025-11-26T21:17:21Z,UBT795,"50.549011,-0.193489",12150,425,164
1764191872,2025-11-26T21:17:52Z,UBT795,"50.488541,-0.16812",12800,436,165
1764191904,2025-11-26T21:18:24Z,UBT795,"50.425941,-0.142228",13500,442,165
1764191936,2025-11-26T21:18:56Z,UBT795,"50.363144,-0.11595",14175,447,164
1764191969,2025-11-26T21:19:29Z,UBT795,"50.298855,-0.08893",14875,452,164
1764192001,2025-11-26T21:20:01Z,UBT795,"50.232704,-0.060796",15575,458,164
1764192031,2025-11-26T21:20:31Z,UBT795,"50.171127,-0.034332",16225,461,164
1764192064,2025-11-26T21:21:04Z,UBT795,"50.103336,-0.005642",16825,468,164
1764192095,2025-11-26T21:21:35Z,UBT795,"50.036087,0.022768",17475,472,164
1764192128,2025-11-26T21:22:08Z,UBT795,"49.968243,0.051369",18125,475,164
1764192160,2025-11-26T21:22:40Z,UBT795,"49.898895,0.080374",18725,480,164
1764192193,2025-11-26T21:23:13Z,UBT795,"49.829796,0.108972",19325,484,165
1764192223,2025-11-26T21:23:43Z,UBT795,"49.763763,0.136751",19875,488,164
1764192256,2025-11-26T21:24:16Z,UBT795,"49.694,0.165834",21550,462,164
1764192287,2025-11-26T21:24:47Z,UBT795,"49.631901,0.191593",23050,442,164
1764192318,2025-11-26T21:25:18Z,UBT795,"49.570126,0.217277",23200,452,164
1764192349,2025-11-26T21:25:49Z,UBT795,"49.505886,0.242738",23275,467,167
1764192382,2025-11-26T21:26:22Z,UBT795,"49.434036,0.264033",23350,482,169
1764192414,2025-11-26T21:26:54Z,UBT795,"49.36311,0.284127",23450,495,169
1764192445,2025-11-26T21:27:25Z,UBT795,"49.294235,0.30318",23625,504,169
1764192477,2025-11-26T21:27:57Z,UBT795,"49.218292,0.324097",23800,514,169
1764192510,2025-11-26T21:28:30Z,UBT795,"49.142078,0.34513",23950,524,169
1764192542,2025-11-26T21:29:02Z,UBT795,"49.064117,0.366493",24100,531,169
1764192575,2025-11-26T21:29:35Z,UBT795,"48.98497,0.388184",24375,536,169
1764192605,2025-11-26T21:30:05Z,UBT795,"48.911041,0.408255",24675,539,169
1764192637,2025-11-26T21:30:37Z,UBT795,"48.832088,0.429912",25000,542,169
1764192668,2025-11-26T21:31:08Z,UBT795,"48.755905,0.450721",25325,544,169
1764192699,2025-11-26T21:31:39Z,UBT795,"48.678326,0.471762",25600,546,169
1764192732,2025-11-26T21:32:12Z,UBT795,"48.597511,0.493662",25875,549,169
1764192763,2025-11-26T21:32:43Z,UBT795,"48.518463,0.514808",26150,553,169
1764192795,2025-11-26T21:33:15Z,UBT795,"48.43779,0.536523",26350,558,169
1764192827,2025-11-26T21:33:47Z,UBT795,"48.358185,0.558062",26575,561,169
1764192858,2025-11-26T21:34:18Z,UBT795,"48.276161,0.580107",26825,564,169
1764192890,2025-11-26T21:34:50Z,UBT795,"48.1926,0.602441",27100,567,169
1764192922,2025-11-26T21:35:22Z,UBT795,"48.111736,0.623826",27400,570,170
1764192954,2025-11-26T21:35:54Z,UBT795,"48.029617,0.645447",27575,574,170
1764192984,2025-11-26T21:36:24Z,UBT795,"47.949596,0.666504",27825,577,170
1764193016,2025-11-26T21:36:56Z,UBT795,"47.864033,0.688688",28050,581,170
1764193048,2025-11-26T21:37:28Z,UBT795,"47.778286,0.707773",28450,583,172
1764193081,2025-11-26T21:38:01Z,UBT795,"47.69133,0.723038",28875,583,173
1764193112,2025-11-26T21:38:32Z,UBT795,"47.607578,0.73707",29300,582,173
1764193145,2025-11-26T21:39:05Z,UBT795,"47.520851,0.751366",29650,583,173
1764193175,2025-11-26T21:39:35Z,UBT795,"47.438221,0.76531",29975,584,173
1764193207,2025-11-26T21:40:07Z,UBT795,"47.351864,0.779607",30450,583,173
1764193239,2025-11-26T21:40:39Z,UBT795,"47.267349,0.793556",31075,578,173
1764193271,2025-11-26T21:41:11Z,UBT795,"47.183441,0.807083",31850,569,173
1764193304,2025-11-26T21:41:44Z,UBT795,"47.098892,0.820747",32625,561,173
1764193337,2025-11-26T21:42:17Z,UBT795,"47.013611,0.834755",33150,558,173
1764193370,2025-11-26T21:42:50Z,UBT795,"46.929916,0.848553",33550,556,173
1764193400,2025-11-26T21:43:20Z,UBT795,"46.851849,0.86174",33900,555,173
1764193431,2025-11-26T21:43:51Z,UBT795,"46.772415,0.874753",34225,556,173
1764193464,2025-11-26T21:44:24Z,UBT795,"46.689892,0.887833",34525,556,173
1764193494,2025-11-26T21:44:54Z,UBT795,"46.61142,0.900209",34800,556,173
1764193527,2025-11-26T21:45:27Z,UBT795,"46.527603,0.913473",35000,557,173
1764193560,2025-11-26T21:46:00Z,UBT795,"46.444611,0.922577",34975,559,177
1764193592,2025-11-26T21:46:32Z,UBT795,"46.360722,0.921753",35000,561,182
1764193624,2025-11-26T21:47:04Z,UBT795,"46.276566,0.913138",34975,561,184
1764193657,2025-11-26T21:47:37Z,UBT795,"46.192436,0.904312",34975,561,184
1764193689,2025-11-26T21:48:09Z,UBT795,"46.109062,0.895592",34975,562,184
1764193721,2025-11-26T21:48:41Z,UBT795,"46.026012,0.886871",35000,564,184
1764193753,2025-11-26T21:49:13Z,UBT795,"45.941658,0.878426",34975,565,184
1764193785,2025-11-26T21:49:45Z,UBT795,"45.858749,0.869774",35000,565,184
1764193817,2025-11-26T21:50:17Z,UBT795,"45.776138,0.861422",34975,565,183
1764193850,2025-11-26T21:50:50Z,UBT795,"45.690834,0.852402",35000,566,184
1764193880,2025-11-26T21:51:20Z,UBT795,"45.611115,0.844272",34975,567,184
1764193912,2025-11-26T21:51:52Z,UBT795,"45.527298,0.835811",34975,569,184
1764193944,2025-11-26T21:52:24Z,UBT795,"45.441921,0.827056",34975,570,184
1764193976,2025-11-26T21:52:56Z,UBT795,"45.358475,0.818416",35000,571,184
1764194008,2025-11-26T21:53:28Z,UBT795,"45.275345,0.809849",34975,570,184
1764194040,2025-11-26T21:54:00Z,UBT795,"45.19075,0.801283",35000,569,184
1764194072,2025-11-26T21:54:32Z,UBT795,"45.10556,0.792716",35000,570,184
1764194104,2025-11-26T21:55:04Z,UBT795,"45.02216,0.78425",35000,571,184
1764194136,2025-11-26T21:55:36Z,UBT795,"44.937901,0.775675",34975,571,184
1764194168,2025-11-26T21:56:08Z,UBT795,"44.855484,0.767474",34975,570,184
1764194200,2025-11-26T21:56:40Z,UBT795,"44.770203,0.758907",34975,570,183
1764194231,2025-11-26T21:57:11Z,UBT795,"44.687775,0.750554",35000,571,184
1764194263,2025-11-26T21:57:43Z,UBT795,"44.602398,0.741979",34975,570,184
1764194295,2025-11-26T21:58:15Z,UBT795,"44.518185,0.733806",34975,571,184
1764194328,2025-11-26T21:58:48Z,UBT795,"44.433609,0.72549",35000,572,184
1764194361,2025-11-26T21:59:21Z,UBT795,"44.347458,0.71712",34975,573,183
1764194393,2025-11-26T21:59:53Z,UBT795,"44.261356,0.708618",35000,575,184
1764194425,2025-11-26T22:00:25Z,UBT795,"44.176163,0.700315",35000,576,184
1764194458,2025-11-26T22:00:58Z,UBT795,"44.089809,0.691681",35000,576,184
1764194488,2025-11-26T22:01:28Z,UBT795,"44.007462,0.683572",35000,576,184
1764194520,2025-11-26T22:02:00Z,UBT795,"43.924595,0.675528",34975,576,183
1764194553,2025-11-26T22:02:33Z,UBT795,"43.83609,0.666908",34975,576,183
1764194585,2025-11-26T22:03:05Z,UBT795,"43.751888,0.658787",34975,575,183
1764194617,2025-11-26T22:03:37Z,UBT795,"43.666977,0.650678",34975,575,183
1764194649,2025-11-26T22:04:09Z,UBT795,"43.580612,0.642445",34975,577,183
1764194680,2025-11-26T22:04:40Z,UBT795,"43.498901,0.634524",35000,580,184
1764194712,2025-11-26T22:05:12Z,UBT795,"43.412247,0.626157",35000,580,184
1764194743,2025-11-26T22:05:43Z,UBT795,"43.329567,0.618177",34975,579,184
1764194775,2025-11-26T22:06:15Z,UBT795,"43.243881,0.610124",34975,578,183
1764194807,2025-11-26T22:06:47Z,UBT795,"43.158905,0.602221",35000,577,183
1764194838,2025-11-26T22:07:18Z,UBT795,"43.075203,0.594504",34975,579,183
1764194870,2025-11-26T22:07:50Z,UBT795,"42.990601,0.586427",35000,584,183
1764194903,2025-11-26T22:08:23Z,UBT795,"42.902962,0.578156",34975,584,183
1764194934,2025-11-26T22:08:54Z,UBT795,"42.817677,0.570177",34975,586,183
1764194966,2025-11-26T22:09:26Z,UBT795,"42.730728,0.560989",35000,587,185
1764194999,2025-11-26T22:09:59Z,UBT795,"42.642929,0.545009",34975,586,189
1764195030,2025-11-26T22:10:30Z,UBT795,"42.558662,0.523703",35000,577,190
1764195061,2025-11-26T22:11:01Z,UBT795,"42.478638,0.503124",35025,570,190
1764195094,2025-11-26T22:11:34Z,UBT795,"42.394749,0.48589",34925,560,187
1764195126,2025-11-26T22:12:06Z,UBT795,"42.311794,0.47369",35025,564,185
1764195158,2025-11-26T22:12:38Z,UBT795,"42.227955,0.465769",34975,559,183
1764195190,2025-11-26T22:13:10Z,UBT795,"42.145138,0.457785",35000,562,184
1764195223,2025-11-26T22:13:43Z,UBT795,"42.061295,0.449503",34975,562,184
1764195255,2025-11-26T22:14:15Z,UBT795,"41.976929,0.441513",34975,560,183
1764195288,2025-11-26T22:14:48Z,UBT795,"41.892406,0.433385",35000,560,184
1764195320,2025-11-26T22:15:20Z,UBT795,"41.80838,0.425221",34975,561,184
1764195353,2025-11-26T22:15:53Z,UBT795,"41.72533,0.417417",34975,560,183
1764195385,2025-11-26T22:16:25Z,UBT795,"41.641571,0.409303",35000,565,184
1764195416,2025-11-26T22:16:56Z,UBT795,"41.55909,0.400809",34975,568,184
1764195448,2025-11-26T22:17:28Z,UBT795,"41.475082,0.392636",34975,566,184
1764195480,2025-11-26T22:18:00Z,UBT795,"41.392948,0.384841",34975,564,184
1764195512,2025-11-26T22:18:32Z,UBT795,"41.30999,0.376719",35000,566,184
1764195542,2025-11-26T22:19:02Z,UBT795,"41.230865,0.369141",34975,565,184
1764195574,2025-11-26T22:19:34Z,UBT795,"41.148102,0.361206",35000,563,184
1764195607,2025-11-26T22:20:07Z,UBT795,"41.062565,0.353185",34975,563,184
1764195637,2025-11-26T22:20:37Z,UBT795,"40.982574,0.345642",35000,566,184
1764195670,2025-11-26T22:21:10Z,UBT795,"40.897911,0.337455",34975,567,184
1764195703,2025-11-26T22:21:43Z,UBT795,"40.812424,0.329346",35000,566,184
1764195733,2025-11-26T22:22:13Z,UBT795,"40.732929,0.321849",34975,569,184
1764195765,2025-11-26T22:22:45Z,UBT795,"40.648018,0.313922",34975,574,184
1764195796,2025-11-26T22:23:16Z,UBT795,"40.565712,0.306057",35000,574,184
1764195829,2025-11-26T22:23:49Z,UBT795,"40.478165,0.297852",35000,574,184
1764195860,2025-11-26T22:24:20Z,UBT795,"40.396263,0.290077",34975,573,184
1764195892,2025-11-26T22:24:52Z,UBT795,"40.310303,0.282104",35000,573,184
1764195925,2025-11-26T22:25:25Z,UBT795,"40.225185,0.274346",34975,575,184
1764195956,2025-11-26T22:25:56Z,UBT795,"40.143219,0.266602",34975,573,184
1764195988,2025-11-26T22:26:28Z,UBT795,"40.057877,0.258616",35000,565,184
1764196019,2025-11-26T22:26:59Z,UBT795,"39.977051,0.251221",35000,562,184
1764196049,2025-11-26T22:27:29Z,UBT795,"39.897827,0.243896",35000,563,184
1764196080,2025-11-26T22:28:00Z,UBT795,"39.817154,0.236325",34975,561,184
1764196113,2025-11-26T22:28:33Z,UBT795,"39.734253,0.228862",34975,561,184
1764196143,2025-11-26T22:29:03Z,UBT795,"39.655563,0.221578",35000,559,184
1764196174,2025-11-26T22:29:34Z,UBT795,"39.575592,0.214294",34975,556,184
1764196206,2025-11-26T22:30:06Z,UBT795,"39.493057,0.20677",35000,557,184
1764196238,2025-11-26T22:30:38Z,UBT795,"39.410751,0.199366",34975,557,183
1764196270,2025-11-26T22:31:10Z,UBT795,"39.329704,0.192017",34975,557,184
1764196301,2025-11-26T22:31:41Z,UBT795,"39.248657,0.18457",35000,553,184
1764196332,2025-11-26T22:32:12Z,UBT795,"39.170822,0.177551",35000,549,183
1764196365,2025-11-26T22:32:45Z,UBT795,"39.086887,0.170044",34975,553,184
1764196395,2025-11-26T22:33:15Z,UBT795,"39.009285,0.163025",34975,552,183
1764196427,2025-11-26T22:33:47Z,UBT795,"38.927914,0.155762",34975,549,183
1764196459,2025-11-26T22:34:19Z,UBT795,"38.847843,0.14856",35000,549,184
1764196490,2025-11-26T22:34:50Z,UBT795,"38.768238,0.141418",35000,550,183
1764196522,2025-11-26T22:35:22Z,UBT795,"38.686119,0.134094",35000,554,184
1764196553,2025-11-26T22:35:53Z,UBT795,"38.608238,0.127075",35000,555,184
1764196585,2025-11-26T22:36:25Z,UBT795,"38.526535,0.119835",35000,555,183
1764196617,2025-11-26T22:36:57Z,UBT795,"38.442093,0.112366",35000,557,183
1764196650,2025-11-26T22:37:30Z,UBT795,"38.358948,0.104954",35000,558,183
1764196682,2025-11-26T22:38:02Z,UBT795,"38.276226,0.097802",34975,557,183
1764196712,2025-11-26T22:38:32Z,UBT795,"38.198673,0.090995",34975,556,183
1764196743,2025-11-26T22:39:03Z,UBT795,"38.120865,0.084151",35000,556,183
1764196774,2025-11-26T22:39:34Z,UBT795,"38.039417,0.077024",34975,556,183
1764196805,2025-11-26T22:40:05Z,UBT795,"37.960884,0.070157",34975,555,183
1764196836,2025-11-26T22:40:36Z,UBT795,"37.882023,0.063231",35000,554,183
1764196868,2025-11-26T22:41:08Z,UBT795,"37.799068,0.056006",35000,555,183
1764196899,2025-11-26T22:41:39Z,UBT795,"37.718628,0.049029",35000,557,183
1764196930,2025-11-26T22:42:10Z,UBT795,"37.640137,0.042333",34975,558,183
1764196962,2025-11-26T22:42:42Z,UBT795,"37.558365,0.035238",35000,558,184
1764196992,2025-11-26T22:43:12Z,UBT795,"37.481232,0.028576",34975,555,183
1764197024,2025-11-26T22:43:44Z,UBT795,"37.398579,0.021376",35000,554,184
1764197056,2025-11-26T22:44:16Z,UBT795,"37.314926,0.014259",34975,553,183
1764197087,2025-11-26T22:44:47Z,UBT795,"37.237427,0.007655",34975,551,183
1764197118,2025-11-26T22:45:18Z,UBT795,"37.158184,0.000896",35000,552,183
1764197151,2025-11-26T22:45:51Z,UBT795,"37.074669,-0.006389",35000,550,184
1764197181,2025-11-26T22:46:21Z,UBT795,"36.998703,-0.010402",34975,549,178
1764197194,2025-11-26T22:46:34Z,UBT795,"36.965504,-0.007404",35000,548,173
1764197196,2025-11-26T22:46:36Z,UBT795,"36.959198,-0.006428",35000,548,172
1764197198,2025-11-26T22:46:38Z,UBT795,"36.953911,-0.005493",35000,548,172
1764197200,2025-11-26T22:46:40Z,UBT795,"36.948883,-0.004598",35000,548,171
1764197203,2025-11-26T22:46:43Z,UBT795,"36.942879,-0.003344",35000,547,170
1764197205,2025-11-26T22:46:45Z,UBT795,"36.937637,-0.002162",35000,548,169
1764197207,2025-11-26T22:46:47Z,UBT795,"36.933151,-0.00111",35000,547,169
1764197209,2025-11-26T22:46:49Z,UBT795,"36.926445,0.000657",35000,548,167
1764197211,2025-11-26T22:46:51Z,UBT795,"36.922024,0.001851",35000,547,167
1764197214,2025-11-26T22:46:54Z,UBT795,"36.916576,0.003463",34975,546,166
1764197216,2025-11-26T22:46:56Z,UBT795,"36.911175,0.005195",34975,546,165
1764197218,2025-11-26T22:46:58Z,UBT795,"36.906052,0.006837",34975,546,165
1764197220,2025-11-26T22:47:00Z,UBT795,"36.899231,0.009292",34975,546,163
1764197222,2025-11-26T22:47:02Z,UBT795,"36.895386,0.010694",34975,546,163
1764197224,2025-11-26T22:47:04Z,UBT795,"36.889114,0.013149",34975,546,162
1764197227,2025-11-26T22:47:07Z,UBT795,"36.885479,0.014629",34975,545,162
1764197229,2025-11-26T22:47:09Z,UBT795,"36.879753,0.016957",34975,545,161
1764197231,2025-11-26T22:47:11Z,UBT795,"36.874695,0.018992",34975,545,161
1764197261,2025-11-26T22:47:41Z,UBT795,"36.801086,0.048294",34975,546,162
1764197294,2025-11-26T22:48:14Z,UBT795,"36.723312,0.079136",35000,542,162
1764197326,2025-11-26T22:48:46Z,UBT795,"36.646774,0.10952",35000,542,162
1764197357,2025-11-26T22:49:17Z,UBT795,"36.570553,0.139783",34975,541,162
1764197390,2025-11-26T22:49:50Z,UBT795,"36.49379,0.17023",34975,539,162
1764197421,2025-11-26T22:50:21Z,UBT795,"36.418793,0.199799",35000,544,162
1764197453,2025-11-26T22:50:53Z,UBT795,"36.344028,0.22931",35000,543,162
1764197484,2025-11-26T22:51:24Z,UBT795,"36.267311,0.259464",35000,543,162
1764197515,2025-11-26T22:51:55Z,UBT795,"36.194778,0.287933",34975,542,162
1764197546,2025-11-26T22:52:26Z,UBT795,"36.118626,0.317902",35000,540,162
1764197577,2025-11-26T22:52:57Z,UBT795,"36.046234,0.346303",35000,540,162
1764197610,2025-11-26T22:53:30Z,UBT795,"35.968449,0.376691",34975,540,162
1764197641,2025-11-26T22:54:01Z,UBT795,"35.893295,0.405865",34975,541,162
1764197672,2025-11-26T22:54:32Z,UBT795,"35.818829,0.434778",34975,542,162
1764197704,2025-11-26T22:55:04Z,UBT795,"35.744064,0.463763",34975,543,162
1764197735,2025-11-26T22:55:35Z,UBT795,"35.667488,0.493391",35000,541,162
1764197766,2025-11-26T22:56:06Z,UBT795,"35.593002,0.522201",34975,542,162
1764197798,2025-11-26T22:56:38Z,UBT795,"35.518433,0.551033",34975,544,162
1764197829,2025-11-26T22:57:09Z,UBT795,"35.444035,0.579646",34975,544,162
1764197862,2025-11-26T22:57:42Z,UBT795,"35.365131,0.609917",35000,543,162
1764197892,2025-11-26T22:58:12Z,UBT795,"35.289917,0.638809",35000,544,162
1764197923,2025-11-26T22:58:43Z,UBT795,"35.216354,0.667027",34975,543,162
1764197955,2025-11-26T22:59:15Z,UBT795,"35.140594,0.695894",35000,541,162
1764197986,2025-11-26T22:59:46Z,UBT795,"35.064926,0.724705",35000,541,162
1764198019,2025-11-26T23:00:19Z,UBT795,"34.986336,0.754738",35000,539,162
1764198051,2025-11-26T23:00:51Z,UBT795,"34.9151,0.781879",34975,538,162
1764198081,2025-11-26T23:01:21Z,UBT795,"34.839184,0.810585",34975,538,162
1764198113,2025-11-26T23:01:53Z,UBT795,"34.762802,0.839445",35000,537,162
1764198144,2025-11-26T23:02:24Z,UBT795,"34.688446,0.867519",34975,537,162
1764198175,2025-11-26T23:02:55Z,UBT795,"34.617687,0.894184",35000,536,162
1764198207,2025-11-26T23:03:27Z,UBT795,"34.539574,0.923538",35000,533,162
1764198239,2025-11-26T23:03:59Z,UBT795,"34.464615,0.951775",35000,530,162
1764198272,2025-11-26T23:04:32Z,UBT795,"34.388744,0.980072",34975,532,162
1764198314,2025-11-26T23:05:14Z,UBT795,"34.323849,1.004276",35000,10,162
1764201557,2025-11-26T23:59:17Z,UBT795,"27.103443,4.005203",35004,495,162
1764203861,2025-11-27T00:37:41Z,UBT795,"21.973686,5.808849",34984,509,158
1764207119,2025-11-27T01:31:59Z,UBT795,"14.893551,8.205119",36975,492,174
1764207151,2025-11-27T01:32:31Z,UBT795,"14.820789,8.211991",36975,492,174
1764207182,2025-11-27T01:33:02Z,UBT795,"14.749557,8.218768",36975,492,174
1764207215,2025-11-27T01:33:35Z,UBT795,"14.676059,8.225724",37000,492,174
1764207247,2025-11-27T01:34:07Z,UBT795,"14.603073,8.232595",37000,492,174
1764207278,2025-11-27T01:34:38Z,UBT795,"14.532351,8.239264",37000,492,174
1764207289,2025-11-27T01:34:49Z,UBT795,"14.516943,8.24071",37000,491,174
1764207346,2025-11-27T01:35:46Z,UBT795,"14.378078,8.253817",37000,491,174
1764207378,2025-11-27T01:36:18Z,UBT795,"14.304382,8.260772",36975,490,174
1764207409,2025-11-27T01:36:49Z,UBT795,"14.235628,8.267261",37000,491,174
1764207440,2025-11-27T01:37:20Z,UBT795,"14.165863,8.273842",37000,491,174
1764207471,2025-11-27T01:37:51Z,UBT795,"14.09532,8.280511",37000,490,174
1764207503,2025-11-27T01:38:23Z,UBT795,"14.020706,8.287527",37000,491,174
1764207536,2025-11-27T01:38:56Z,UBT795,"13.948307,8.294292",37000,491,174
1764207567,2025-11-27T01:39:27Z,UBT795,"13.876373,8.30107",36975,491,174
1764207599,2025-11-27T01:39:59Z,UBT795,"13.802902,8.307984",36975,491,174
1764207630,2025-11-27T01:40:30Z,UBT795,"13.733917,8.314425",37000,491,174
1764207661,2025-11-27T01:41:01Z,UBT795,"13.662058,8.321132",37000,490,174
1764207693,2025-11-27T01:41:33Z,UBT795,"13.590507,8.327829",36975,489,174
1764207725,2025-11-27T01:42:05Z,UBT795,"13.517606,8.334768",36975,490,174
1764207756,2025-11-27T01:42:36Z,UBT795,"13.44841,8.341085",36975,490,175
1764207788,2025-11-27T01:43:08Z,UBT795,"13.377297,8.346911",37000,491,175
1764207819,2025-11-27T01:43:39Z,UBT795,"13.303605,8.353079",37000,491,175
1764207851,2025-11-27T01:44:11Z,UBT795,"13.232025,8.35908",36975,490,175
1764207882,2025-11-27T01:44:42Z,UBT795,"13.161528,8.365028",36975,489,175
1764207915,2025-11-27T01:45:15Z,UBT795,"13.086502,8.371676",37000,491,174
1764207948,2025-11-27T01:45:48Z,UBT795,"13.012328,8.380014",36975,492,172
1764207979,2025-11-27T01:46:19Z,UBT795,"12.942034,8.38917",36975,492,172
1764208010,2025-11-27T01:46:50Z,UBT795,"12.871811,8.398432",37000,490,172
1764208041,2025-11-27T01:47:21Z,UBT795,"12.801544,8.407619",37000,488,172
1764208072,2025-11-27T01:47:52Z,UBT795,"12.732456,8.416443",37000,488,172
1764208104,2025-11-27T01:48:24Z,UBT795,"12.660393,8.425598",37000,489,172
1764208136,2025-11-27T01:48:56Z,UBT795,"12.58847,8.434657",37000,491,172
1764208168,2025-11-27T01:49:28Z,UBT795,"12.515383,8.44386",36975,492,172
1764208200,2025-11-27T01:50:00Z,UBT795,"12.442383,8.453032",36975,493,172
1764208231,2025-11-27T01:50:31Z,UBT795,"12.370972,8.462172",36975,493,172
1764208264,2025-11-27T01:51:04Z,UBT795,"12.296541,8.471567",36975,493,172
1764208295,2025-11-27T01:51:35Z,UBT795,"12.226433,8.480433",36975,493,172
1764208326,2025-11-27T01:52:06Z,UBT795,"12.155068,8.489492",36975,492,172
1764208359,2025-11-27T01:52:39Z,UBT795,"12.081702,8.498792",36975,490,172
1764208391,2025-11-27T01:53:11Z,UBT795,"12.008698,8.508059",37000,490,172
1764208422,2025-11-27T01:53:42Z,UBT795,"11.939484,8.516772",36975,490,172
1764208455,2025-11-27T01:54:15Z,UBT795,"11.86528,8.526148",36975,490,172
1764208488,2025-11-27T01:54:48Z,UBT795,"11.789913,8.53575",37000,491,172
1764208519,2025-11-27T01:55:19Z,UBT795,"11.718109,8.544759",37000,491,172
1764208550,2025-11-27T01:55:50Z,UBT795,"11.648804,8.553473",37000,490,172
1764208581,2025-11-27T01:56:21Z,UBT795,"11.580055,8.562204",37000,488,172
1764208612,2025-11-27T01:56:52Z,UBT795,"11.508728,8.571183",37000,488,172
1764208643,2025-11-27T01:57:23Z,UBT795,"11.438461,8.580038",36975,488,173
1764208676,2025-11-27T01:57:56Z,UBT795,"11.366821,8.589036",37000,488,172
1764208706,2025-11-27T01:58:26Z,UBT795,"11.298088,8.597717",36975,488,172
1764208738,2025-11-27T01:58:58Z,UBT795,"11.224629,8.606921",37000,488,172
1764208769,2025-11-27T01:59:29Z,UBT795,"11.154602,8.615744",36975,488,172
1764208802,2025-11-27T02:00:02Z,UBT795,"11.081853,8.624894",37000,488,172
1764208833,2025-11-27T02:00:33Z,UBT795,"11.010818,8.633786",36975,489,172
1764208864,2025-11-27T02:01:04Z,UBT795,"10.940242,8.642674",37000,489,172
1764208897,2025-11-27T02:01:37Z,UBT795,"10.868039,8.651685",37000,489,172
1764208928,2025-11-27T02:02:08Z,UBT795,"10.797606,8.660551",37000,490,172
1764208960,2025-11-27T02:02:40Z,UBT795,"10.723663,8.669776",36975,490,172
1764208991,2025-11-27T02:03:11Z,UBT795,"10.654541,8.678489",37000,489,172
1764209023,2025-11-27T02:03:43Z,UBT795,"10.582441,8.687584",37000,491,172
1764209055,2025-11-27T02:04:15Z,UBT795,"10.509959,8.696594",37000,491,172
1764209086,2025-11-27T02:04:46Z,UBT795,"10.439385,8.705434",36975,490,172
1764209119,2025-11-27T02:05:19Z,UBT795,"10.364456,8.714811",37000,491,172
1764209150,2025-11-27T02:05:50Z,UBT795,"10.294981,8.723523",36975,490,172
1764209183,2025-11-27T02:06:23Z,UBT795,"10.220215,8.732874",36975,489,172
1764209214,2025-11-27T02:06:54Z,UBT795,"10.150635,8.741532",36975,489,172
1764209246,2025-11-27T02:07:26Z,UBT795,"10.076883,8.750705",37000,489,172
1764209277,2025-11-27T02:07:57Z,UBT795,"10.007102,8.759371",36975,487,172
1764209310,2025-11-27T02:08:30Z,UBT795,"9.933969,8.768511",37000,486,172
1764209342,2025-11-27T02:09:02Z,UBT795,"9.863349,8.777319",36975,484,172
1764209374,2025-11-27T02:09:34Z,UBT795,"9.792869,8.786126",37000,483,172
1764209406,2025-11-27T02:10:06Z,UBT795,"9.720666,8.795124",37000,483,172
1764209438,2025-11-27T02:10:38Z,UBT795,"9.649394,8.804027",37000,483,172
1764209468,2025-11-27T02:11:08Z,UBT795,"9.581863,8.812431",36975,484,172
1764209500,2025-11-27T02:11:40Z,UBT795,"9.511087,8.821264",37000,484,172
1764209531,2025-11-27T02:12:11Z,UBT795,"9.442108,8.829796",37000,484,172
1764209564,2025-11-27T02:12:44Z,UBT795,"9.367288,8.839117",36975,484,172
1764209596,2025-11-27T02:13:16Z,UBT795,"9.296768,8.847904",37000,486,172
1764209626,2025-11-27T02:13:46Z,UBT795,"9.228655,8.856354",37000,488,172
1764209657,2025-11-27T02:14:17Z,UBT795,"9.15878,8.86502",37000,489,172
1764209689,2025-11-27T02:14:49Z,UBT795,"9.086014,8.874021",37000,488,172
1764209720,2025-11-27T02:15:20Z,UBT795,"9.016296,8.882632",36975,487,172
1764209753,2025-11-27T02:15:53Z,UBT795,"8.943329,8.89171",37000,488,173
1764209785,2025-11-27T02:16:25Z,UBT795,"8.870728,8.900742",37000,489,172
1764209817,2025-11-27T02:16:57Z,UBT795,"8.797577,8.909819",36975,490,172
1764209850,2025-11-27T02:17:30Z,UBT795,"8.724197,8.91885",37000,491,172
1764209881,2025-11-27T02:18:01Z,UBT795,"8.652603,8.927695",36975,491,172
1764209913,2025-11-27T02:18:33Z,UBT795,"8.582743,8.936383",37000,490,172
1764209945,2025-11-27T02:19:05Z,UBT795,"8.508632,8.945523",37000,490,172
1764209976,2025-11-27T02:19:36Z,UBT795,"8.437912,8.95423",37000,490,172
1764210007,2025-11-27T02:20:07Z,UBT795,"8.367279,8.962935",36975,491,172
1764210039,2025-11-27T02:20:39Z,UBT795,"8.296633,8.97171",36975,493,172
1764210071,2025-11-27T02:21:11Z,UBT795,"8.223406,8.980707",37000,493,172
1764210101,2025-11-27T02:21:41Z,UBT795,"8.154323,8.989326",37000,492,172
1764210132,2025-11-27T02:22:12Z,UBT795,"8.084122,8.997945",36975,490,173
1764210165,2025-11-27T02:22:45Z,UBT795,"8.009964,9.007084",37000,490,173
1764210195,2025-11-27T02:23:15Z,UBT795,"7.941925,9.015492",36975,490,172
1764210226,2025-11-27T02:23:46Z,UBT795,"7.871338,9.024151",36975,490,172
1764210258,2025-11-27T02:24:18Z,UBT795,"7.798965,9.033135",37000,490,172
1764210291,2025-11-27T02:24:51Z,UBT795,"7.725266,9.042167",36975,489,173
1764210322,2025-11-27T02:25:22Z,UBT795,"7.654165,9.050935",37000,490,172
1764210355,2025-11-27T02:25:55Z,UBT795,"7.581404,9.059885",37000,490,172
1764210387,2025-11-27T02:26:27Z,UBT795,"7.51004,9.068645",36975,489,172
1764210419,2025-11-27T02:26:59Z,UBT795,"7.437561,9.077593",37000,489,173
1764210451,2025-11-27T02:27:31Z,UBT795,"7.365372,9.086485",37000,489,172
1764210482,2025-11-27T02:28:02Z,UBT795,"7.294177,9.095212",37000,490,172
1764210513,2025-11-27T02:28:33Z,UBT795,"7.222719,9.10402",36975,490,172
1764210546,2025-11-27T02:29:06Z,UBT795,"7.148608,9.113159",37000,489,173
1764210579,2025-11-27T02:29:39Z,UBT795,"7.075661,9.122109",36975,487,172
1764210611,2025-11-27T02:30:11Z,UBT795,"7.003319,9.131012",36975,487,173
1764210641,2025-11-27T02:30:41Z,UBT795,"6.93512,9.139346",36975,485,173
1764210672,2025-11-27T02:31:12Z,UBT795,"6.866959,9.147747",36975,483,173
1764210703,2025-11-27T02:31:43Z,UBT795,"6.797516,9.157896",37000,484,170
1764210735,2025-11-27T02:32:15Z,UBT795,"6.728055,9.171169",37000,488,168
1764210766,2025-11-27T02:32:46Z,UBT795,"6.656799,9.185827",36975,487,168
1764210798,2025-11-27T02:33:18Z,UBT795,"6.588043,9.200072",37000,487,168
1764210830,2025-11-27T02:33:50Z,UBT795,"6.516289,9.214925",37000,484,168
1764210862,2025-11-27T02:34:22Z,UBT795,"6.444692,9.229605",37000,482,168
1764210893,2025-11-27T02:34:53Z,UBT795,"6.377517,9.243432",36975,483,168
1764210926,2025-11-27T02:35:26Z,UBT795,"6.306519,9.257983",37000,483,168
1764210956,2025-11-27T02:35:56Z,UBT795,"6.238605,9.272035",36975,483,168
1764210989,2025-11-27T02:36:29Z,UBT795,"6.166961,9.286999",37000,484,167
1764211021,2025-11-27T02:37:01Z,UBT795,"6.096405,9.30272",36975,485,167
1764211053,2025-11-27T02:37:33Z,UBT795,"6.026606,9.318442",36975,486,167
1764211084,2025-11-27T02:38:04Z,UBT795,"5.956405,9.334259",37000,487,167
1764211116,2025-11-27T02:38:36Z,UBT795,"5.886383,9.350063",37000,486,167
1764211148,2025-11-27T02:39:08Z,UBT795,"5.816935,9.365561",36975,486,167
1764211178,2025-11-27T02:39:38Z,UBT795,"5.749481,9.380619",36975,486,167
1764211211,2025-11-27T02:40:11Z,UBT795,"5.678023,9.396626",36975,486,167
1764211243,2025-11-27T02:40:43Z,UBT795,"5.606844,9.412537",37000,488,167
1764211275,2025-11-27T02:41:15Z,UBT795,"5.537064,9.428132",36975,488,167
1764211305,2025-11-27T02:41:45Z,UBT795,"5.468165,9.443554",36975,488,167
1764211338,2025-11-27T02:42:18Z,UBT795,"5.396801,9.459465",37000,488,167
1764211370,2025-11-27T02:42:50Z,UBT795,"5.32511,9.475566",36975,488,167
1764211400,2025-11-27T02:43:20Z,UBT795,"5.258913,9.490388",37000,486,167
1764211432,2025-11-27T02:43:52Z,UBT795,"5.18811,9.506247",37000,487,167
1764211464,2025-11-27T02:44:24Z,UBT795,"5.118512,9.521784",36975,487,167
1764211496,2025-11-27T02:44:56Z,UBT795,"5.047566,9.537648",36975,485,167
1764211527,2025-11-27T02:45:27Z,UBT795,"4.979599,9.552845",37000,484,167
1764211558,2025-11-27T02:45:58Z,UBT795,"4.910982,9.568239",37000,482,167
1764211590,2025-11-27T02:46:30Z,UBT795,"4.842636,9.58343",37000,482,167
1764211622,2025-11-27T02:47:02Z,UBT795,"4.771957,9.599211",37000,481,167
1764211653,2025-11-27T02:47:33Z,UBT795,"4.703018,9.614573",37000,480,167
1764211685,2025-11-27T02:48:05Z,UBT795,"4.634674,9.629796",37000,480,167
1764211716,2025-11-27T02:48:36Z,UBT795,"4.565918,9.645112",37000,480,167
1764211749,2025-11-27T02:49:09Z,UBT795,"4.495922,9.660818",36975,481,167
1764211780,2025-11-27T02:49:40Z,UBT795,"4.427216,9.676115",36975,480,167
1764211812,2025-11-27T02:50:12Z,UBT795,"4.356359,9.691978",37000,480,167
1764211845,2025-11-27T02:50:45Z,UBT795,"4.28667,9.707558",37000,480,167
1764211877,2025-11-27T02:51:17Z,UBT795,"4.2147,9.723563",37000,481,167
1764211909,2025-11-27T02:51:49Z,UBT795,"4.146035,9.738859",37000,482,167
1764211941,2025-11-27T02:52:21Z,UBT795,"4.07634,9.754323",37000,481,167
1764211972,2025-11-27T02:52:52Z,UBT795,"4.007263,9.769782",37000,480,167
1764212004,2025-11-27T02:53:24Z,UBT795,"3.939926,9.784768",36975,480,167
1764212035,2025-11-27T02:53:55Z,UBT795,"3.869659,9.800317",36975,481,167
1764212066,2025-11-27T02:54:26Z,UBT795,"3.802917,9.81526",37000,480,167
1764212098,2025-11-27T02:54:58Z,UBT795,"3.733429,9.830762",37000,483,167
1764212129,2025-11-27T02:55:29Z,UBT795,"3.664673,9.846078",37000,483,167
1764212168,2025-11-27T02:56:08Z,UBT795,"3.582321,9.864419",37000,481,167
1764212199,2025-11-27T02:56:39Z,UBT795,"3.511963,9.879968",37000,477,167
1764212233,2025-11-27T02:57:13Z,UBT795,"3.45488,9.892862",37000,477,167
1764212265,2025-11-27T02:57:45Z,UBT795,"3.403062,9.904411",37000,20,167
1764212296,2025-11-27T02:58:16Z,UBT795,"3.302811,9.926566",37000,480,167
1764212329,2025-11-27T02:58:49Z,UBT795,"3.233276,9.942068",37000,483,167
1764212361,2025-11-27T02:59:21Z,UBT795,"3.159393,9.958408",37000,486,167
1764212393,2025-11-27T02:59:53Z,UBT795,"3.091208,9.973597",36975,486,167
1764212444,2025-11-27T03:00:44Z,UBT795,"3.006866,9.992392",37000,190,167
1764212476,2025-11-27T03:01:16Z,UBT795,"2.905139,10.014937",37000,489,167
1764212507,2025-11-27T03:01:47Z,UBT795,"2.836474,10.030423",36975,488,167
1764212543,2025-11-27T03:02:23Z,UBT795,"2.758942,10.047695",36975,486,167
1764212576,2025-11-27T03:02:56Z,UBT795,"2.686615,10.063663",37000,486,167
1764212606,2025-11-27T03:03:26Z,UBT795,"2.618424,10.07863",37000,486,167
1764212637,2025-11-27T03:03:57Z,UBT795,"2.54934,10.093973",37000,485,167
1764212669,2025-11-27T03:04:29Z,UBT795,"2.479791,10.109506",37000,485,167
1764212701,2025-11-27T03:05:01Z,UBT795,"2.411033,10.124754",37000,486,167
1764212733,2025-11-27T03:05:33Z,UBT795,"2.338394,10.14094",36975,487,167
1764212764,2025-11-27T03:06:04Z,UBT795,"2.271057,10.15593",36975,488,167
1764212796,2025-11-27T03:06:36Z,UBT795,"2.200245,10.171682",37000,489,167
1764212828,2025-11-27T03:07:08Z,UBT795,"2.127344,10.187878",36975,490,167
1764212860,2025-11-27T03:07:40Z,UBT795,"2.057236,10.203413",37000,490,167
1764212893,2025-11-27T03:08:13Z,UBT795,"1.984149,10.219605",37425,488,167
1764212925,2025-11-27T03:08:45Z,UBT795,"1.912903,10.235394",37925,484,167
1764212958,2025-11-27T03:09:18Z,UBT795,"1.840622,10.251408",38375,481,167
1764212991,2025-11-27T03:09:51Z,UBT795,"1.769078,10.267718",38775,479,166
1764213022,2025-11-27T03:10:22Z,UBT795,"1.70224,10.283995",39000,479,166
1764213054,2025-11-27T03:10:54Z,UBT795,"1.632111,10.301126",38975,480,166
1764213085,2025-11-27T03:11:25Z,UBT795,"1.565459,10.317393",38975,481,166
1764213118,2025-11-27T03:11:58Z,UBT795,"1.493582,10.334867",38975,482,166
1764213150,2025-11-27T03:12:30Z,UBT795,"1.423141,10.352054",38975,483,166
1764213183,2025-11-27T03:13:03Z,UBT795,"1.351505,10.369342",39000,485,166
1764213215,2025-11-27T03:13:35Z,UBT795,"1.280548,10.386549",38975,487,166
1764213246,2025-11-27T03:14:06Z,UBT795,"1.212407,10.403058",39000,490,166
1764213278,2025-11-27T03:14:38Z,UBT795,"1.142113,10.420106",38975,489,166
1764213309,2025-11-27T03:15:09Z,UBT795,"1.073681,10.436822",39000,489,166
1764213340,2025-11-27T03:15:40Z,UBT795,"1.00483,10.453586",38975,487,166
1764213372,2025-11-27T03:16:12Z,UBT795,"0.934862,10.470491",39000,487,166
1764213403,2025-11-27T03:16:43Z,UBT795,"0.86671,10.487066",38975,487,166
1764213435,2025-11-27T03:17:15Z,UBT795,"0.796462,10.504019",38975,485,166
1764213467,2025-11-27T03:17:47Z,UBT795,"0.726913,10.520972",38975,485,166
1764213499,2025-11-27T03:18:19Z,UBT795,"0.654711,10.538399",39000,488,166
1764213531,2025-11-27T03:18:51Z,UBT795,"0.585251,10.555441",38975,490,166
1764213563,2025-11-27T03:19:23Z,UBT795,"0.51503,10.572433",39000,490,166
1764213595,2025-11-27T03:19:55Z,UBT795,"0.444855,10.589424",38975,493,166
1764213625,2025-11-27T03:20:25Z,UBT795,"0.37698,10.605927",39000,493,166
1764213658,2025-11-27T03:20:58Z,UBT795,"0.302902,10.623919",38975,493,166
1764213691,2025-11-27T03:21:31Z,UBT795,"0.231766,10.64119",39000,493,166
1764213723,2025-11-27T03:22:03Z,UBT795,"0.159805,10.65874",38975,492,166
1764213754,2025-11-27T03:22:34Z,UBT795,"0.091141,10.675452",39000,491,166
1764213785,2025-11-27T03:23:05Z,UBT795,"0.022018,10.692164",39000,491,166
1764213817,2025-11-27T03:23:37Z,UBT795,"-0.049805,10.709668",38975,492,166
1764213848,2025-11-27T03:24:08Z,UBT795,"-0.118429,10.72635",38975,493,166
1764213880,2025-11-27T03:24:40Z,UBT795,"-0.190492,10.743824",39000,493,166
1764213912,2025-11-27T03:25:12Z,UBT795,"-0.261292,10.760969",38975,491,166
1764213944,2025-11-27T03:25:44Z,UBT795,"-0.332336,10.778251",39000,490,166
1764213976,2025-11-27T03:26:16Z,UBT795,"-0.403015,10.795324",39000,490,166
1764214007,2025-11-27T03:26:47Z,UBT795,"-0.470503,10.81173",39000,491,166
1764214040,2025-11-27T03:27:20Z,UBT795,"-0.543915,10.82954",38975,492,166
1764214073,2025-11-27T03:27:53Z,UBT795,"-0.615417,10.846997",39000,492,166
1764214105,2025-11-27T03:28:25Z,UBT795,"-0.688843,10.864734",38975,493,166
1764214138,2025-11-27T03:28:58Z,UBT795,"-0.761765,10.87963",39000,491,169
1764214171,2025-11-27T03:29:31Z,UBT795,"-0.834549,10.891734",39000,489,170
1764214201,2025-11-27T03:30:01Z,UBT795,"-0.902298,10.902906",39000,489,170
1764214234,2025-11-27T03:30:34Z,UBT795,"-0.978342,10.915485",39000,489,170
1764214266,2025-11-27T03:31:06Z,UBT795,"-1.049101,10.927229",39000,488,170
1764214298,2025-11-27T03:31:38Z,UBT795,"-1.121909,10.939258",39000,487,170
1764214329,2025-11-27T03:32:09Z,UBT795,"-1.189782,10.950433",38975,486,170
1764214361,2025-11-27T03:32:41Z,UBT795,"-1.262283,10.962447",38975,486,170
1764214392,2025-11-27T03:33:12Z,UBT795,"-1.330323,10.973684",38975,487,170
1764214424,2025-11-27T03:33:44Z,UBT795,"-1.401672,10.98549",38975,488,170
1764214456,2025-11-27T03:34:16Z,UBT795,"-1.472633,10.997172",38975,488,170
1764214488,2025-11-27T03:34:48Z,UBT795,"-1.54541,11.009278",38975,488,170
1764214521,2025-11-27T03:35:21Z,UBT795,"-1.617966,11.021242",38975,488,170
1764214552,2025-11-27T03:35:52Z,UBT795,"-1.689148,11.032973",39000,488,170
1764214584,2025-11-27T03:36:24Z,UBT795,"-1.759369,11.044612",38975,488,170
1764214616,2025-11-27T03:36:56Z,UBT795,"-1.831644,11.056556",39000,488,170
1764214649,2025-11-27T03:37:29Z,UBT795,"-1.905258,11.068726",38975,488,170
1764214680,2025-11-27T03:38:00Z,UBT795,"-1.975159,11.080271",39000,489,170
1764214711,2025-11-27T03:38:31Z,UBT795,"-2.043411,11.091551",38975,488,170
1764214743,2025-11-27T03:39:03Z,UBT795,"-2.115967,11.103547",38975,486,170
1764214776,2025-11-27T03:39:36Z,UBT795,"-2.188019,11.115464",38975,484,170
1764214806,2025-11-27T03:40:06Z,UBT795,"-2.255951,11.126777",38975,484,170
1764214837,2025-11-27T03:40:37Z,UBT795,"-2.323702,11.137959",38975,484,170
1764214868,2025-11-27T03:41:08Z,UBT795,"-2.389852,11.148897",38975,484,170
1764214879,2025-11-27T03:41:19Z,UBT795,"-2.402939,11.151076",38975,484,170
1764214925,2025-11-27T03:42:05Z,UBT795,"-2.49353,11.165974",39000,484,170
1764214963,2025-11-27T03:42:43Z,UBT795,"-2.600315,11.183703",39000,485,170
1764215122,2025-11-27T03:45:22Z,UBT795,"-2.957703,11.242878",39000,487,170
1764215169,2025-11-27T03:46:09Z,UBT795,"-3.064161,11.260512",39000,486,170
1764215201,2025-11-27T03:46:41Z,UBT795,"-3.136364,11.272493",39000,486,170
1764215217,2025-11-27T03:46:57Z,UBT795,"-3.168904,11.277844",39000,486,170
1764215354,2025-11-27T03:49:14Z,UBT795,"-3.474518,11.328487",39000,484,170
1764215657,2025-11-27T03:54:17Z,UBT795,"-4.141251,11.459579",39000,485,166
1764215689,2025-11-27T03:54:49Z,UBT795,"-4.212296,11.475871",39000,489,167
1764215721,2025-11-27T03:55:21Z,UBT795,"-4.283752,11.492397",38975,491,166
1764215893,2025-11-27T03:58:13Z,UBT795,"-4.662486,11.5794",38975,488,166
1764215924,2025-11-27T03:58:44Z,UBT795,"-4.7314,11.595325",39000,490,166
1764215934,2025-11-27T03:58:54Z,UBT795,"-4.752274,11.60012",38975,490,166
1764215995,2025-11-27T03:59:55Z,UBT795,"-4.887497,11.63131",38975,490,166
1764216028,2025-11-27T04:00:28Z,UBT795,"-4.961151,11.648208",39000,490,166
1764216048,2025-11-27T04:00:48Z,UBT795,"-5.00592,11.658543",38975,489,166
1764216115,2025-11-27T04:01:55Z,UBT795,"-5.154497,11.698071",39000,489,160
1764216154,2025-11-27T04:02:34Z,UBT795,"-5.236894,11.731457",39000,487,157
1764216186,2025-11-27T04:03:06Z,UBT795,"-5.302579,11.758496",38975,486,157
1764216217,2025-11-27T04:03:37Z,UBT795,"-5.367753,11.785394",39000,486,157
1764216249,2025-11-27T04:04:09Z,UBT795,"-5.43381,11.812575",39000,486,157
1764216281,2025-11-27T04:04:41Z,UBT795,"-5.502009,11.840752",39000,487,157
1764216314,2025-11-27T04:05:14Z,UBT795,"-5.571533,11.869238",39000,491,157
1764216345,2025-11-27T04:05:45Z,UBT795,"-5.636964,11.896394",38975,494,157
1764216379,2025-11-27T04:06:19Z,UBT795,"-5.70884,11.926228",38975,496,157
1764216412,2025-11-27T04:06:52Z,UBT795,"-5.778296,11.95483",39000,495,157
1764216442,2025-11-27T04:07:22Z,UBT795,"-5.843445,11.981709",38975,494,157
1764216473,2025-11-27T04:07:53Z,UBT795,"-5.908922,12.008673",39000,494,157
1764216505,2025-11-27T04:08:25Z,UBT795,"-5.976059,12.036547",38975,494,157
1764216537,2025-11-27T04:08:57Z,UBT795,"-6.044769,12.064851",38975,493,157
1764216569,2025-11-27T04:09:29Z,UBT795,"-6.11161,12.092206",39025,496,157
1764216600,2025-11-27T04:10:00Z,UBT795,"-6.17832,12.120193",38975,496,157
1764216633,2025-11-27T04:10:33Z,UBT795,"-6.246643,12.148412",39000,495,157
1764216663,2025-11-27T04:11:03Z,UBT795,"-6.311553,12.175077",39000,496,157
1764216695,2025-11-27T04:11:35Z,UBT795,"-6.379705,12.203206",39000,497,157
1764216726,2025-11-27T04:12:06Z,UBT795,"-6.445809,12.230624",39000,497,157
1764216757,2025-11-27T04:12:37Z,UBT795,"-6.511368,12.25781",39000,498,157
1764216789,2025-11-27T04:13:09Z,UBT795,"-6.58168,12.286951",39000,495,157
1764216821,2025-11-27T04:13:41Z,UBT795,"-6.648125,12.31449",39000,493,157
1764216852,2025-11-27T04:14:12Z,UBT795,"-6.713516,12.341603",38975,492,157
1764216885,2025-11-27T04:14:45Z,UBT795,"-6.784515,12.371024",39000,492,157
1764216917,2025-11-27T04:15:17Z,UBT795,"-6.851669,12.398863",39000,492,157
1764216949,2025-11-27T04:15:49Z,UBT795,"-6.919556,12.427027",39000,490,157
1764216982,2025-11-27T04:16:22Z,UBT795,"-6.986893,12.454958",39000,490,157
1764217014,2025-11-27T04:16:54Z,UBT795,"-7.056388,12.483784",39000,489,157
1764217047,2025-11-27T04:17:27Z,UBT795,"-7.123563,12.51158",39000,489,157
1764217078,2025-11-27T04:17:58Z,UBT795,"-7.188812,12.538706",38975,490,157
1764217109,2025-11-27T04:18:29Z,UBT795,"-7.256283,12.566654",39000,490,157
1764217142,2025-11-27T04:19:02Z,UBT795,"-7.324173,12.594848",39000,490,157
1764217174,2025-11-27T04:19:34Z,UBT795,"-7.392216,12.623149",38975,491,157
1764217206,2025-11-27T04:20:06Z,UBT795,"-7.460266,12.651408",39000,491,157
1764217237,2025-11-27T04:20:37Z,UBT795,"-7.525402,12.678459",39000,492,157
1764217269,2025-11-27T04:21:09Z,UBT795,"-7.592158,12.706209",39000,492,157
1764217301,2025-11-27T04:21:41Z,UBT795,"-7.660309,12.73455",39000,491,157
1764217333,2025-11-27T04:22:13Z,UBT795,"-7.726833,12.762183",39000,492,157
1764217365,2025-11-27T04:22:45Z,UBT795,"-7.795684,12.790833",38975,492,157
1764217396,2025-11-27T04:23:16Z,UBT795,"-7.859665,12.81746",38975,491,157
1764217427,2025-11-27T04:23:47Z,UBT795,"-7.925658,12.844959",39000,491,157
1764217459,2025-11-27T04:24:19Z,UBT795,"-7.994369,12.873562",39000,491,157
1764217491,2025-11-27T04:24:51Z,UBT795,"-8.060147,12.90098",39000,492,157
1764217524,2025-11-27T04:25:24Z,UBT795,"-8.13089,12.93049",39000,492,157
1764217556,2025-11-27T04:25:56Z,UBT795,"-8.199106,12.95899",39000,492,157
1764217589,2025-11-27T04:26:29Z,UBT795,"-8.267026,12.987308",38975,491,157
1764217621,2025-11-27T04:27:01Z,UBT795,"-8.334274,13.015307",39000,491,157
1764217652,2025-11-27T04:27:32Z,UBT795,"-8.400305,13.042902",39000,492,157
1764217683,2025-11-27T04:28:03Z,UBT795,"-8.466019,13.070333",38975,492,157
1764217716,2025-11-27T04:28:36Z,UBT795,"-8.535493,13.099349",39000,491,157
1764217747,2025-11-27T04:29:07Z,UBT795,"-8.601929,13.127126",39000,492,157
1764217779,2025-11-27T04:29:39Z,UBT795,"-8.669144,13.155229",38975,491,157
1764217810,2025-11-27T04:30:10Z,UBT795,"-8.734876,13.182694",38975,490,157
1764217842,2025-11-27T04:30:42Z,UBT795,"-8.80098,13.210302",39000,491,157
1764217874,2025-11-27T04:31:14Z,UBT795,"-8.870017,13.236157",39000,488,161
1764217905,2025-11-27T04:31:45Z,UBT795,"-8.937927,13.256541",39000,488,163
1764217938,2025-11-27T04:32:18Z,UBT795,"-9.00865,13.277214",39000,488,163
1764217971,2025-11-27T04:32:51Z,UBT795,"-9.079641,13.298003",38975,488,163
1764218003,2025-11-27T04:33:23Z,UBT795,"-9.150681,13.318603",39000,488,163
1764218035,2025-11-27T04:33:55Z,UBT795,"-9.217762,13.338255",38975,489,163
1764218065,2025-11-27T04:34:25Z,UBT795,"-9.286057,13.358165",38975,489,163
1764218099,2025-11-27T04:34:59Z,UBT795,"-9.358211,13.379217",38975,489,163
1764218130,2025-11-27T04:35:30Z,UBT795,"-9.42691,13.399317",38975,489,163
1764218161,2025-11-27T04:36:01Z,UBT795,"-9.495392,13.419334",39000,489,163
1764218195,2025-11-27T04:36:35Z,UBT795,"-9.568068,13.440541",39000,490,163
1764218226,2025-11-27T04:37:06Z,UBT795,"-9.637197,13.460809",38975,491,163
1764218258,2025-11-27T04:37:38Z,UBT795,"-9.70684,13.481219",38975,490,163
1764218291,2025-11-27T04:38:11Z,UBT795,"-9.778336,13.502104",38975,490,163
1764218321,2025-11-27T04:38:41Z,UBT795,"-9.845261,13.521703",39000,490,163
1764218352,2025-11-27T04:39:12Z,UBT795,"-9.910858,13.540976",39025,490,163
1764218385,2025-11-27T04:39:45Z,UBT795,"-9.983826,13.562338",38975,492,163
1764218417,2025-11-27T04:40:17Z,UBT795,"-10.054367,13.583012",39000,493,163
1764218447,2025-11-27T04:40:47Z,UBT795,"-10.121246,13.602657",39000,493,163
1764218480,2025-11-27T04:41:20Z,UBT795,"-10.191821,13.623425",38975,492,163
1764218511,2025-11-27T04:41:51Z,UBT795,"-10.259368,13.64341",39000,492,163
1764218543,2025-11-27T04:42:23Z,UBT795,"-10.330779,13.66453",39000,492,163
1764218574,2025-11-27T04:42:54Z,UBT795,"-10.39856,13.684635",38975,492,163
1764218606,2025-11-27T04:43:26Z,UBT795,"-10.469505,13.705586",39000,493,163
1764218639,2025-11-27T04:43:59Z,UBT795,"-10.541661,13.726983",39000,493,163
1764218670,2025-11-27T04:44:30Z,UBT795,"-10.609814,13.747173",39000,493,163
1764218702,2025-11-27T04:45:02Z,UBT795,"-10.680154,13.767989",39000,493,163
1764218732,2025-11-27T04:45:32Z,UBT795,"-10.747375,13.787889",38975,495,163
1764218763,2025-11-27T04:46:03Z,UBT795,"-10.816179,13.808272",39000,496,163
1764218778,2025-11-27T04:46:18Z,UBT795,"-10.848724,13.817912",39000,497,163
1764218836,2025-11-27T04:47:16Z,UBT795,"-10.97618,13.855542",39000,498,163
1764218868,2025-11-27T04:47:48Z,UBT795,"-11.047897,13.876727",39000,498,163
1764218900,2025-11-27T04:48:20Z,UBT795,"-11.120027,13.89809",38975,498,163
1764218932,2025-11-27T04:48:52Z,UBT795,"-11.189896,13.918731",38975,496,163
1764218971,2025-11-27T04:49:31Z,UBT795,"-11.24881,13.936205",38975,497,163
1764218997,2025-11-27T04:49:57Z,UBT795,"-11.33551,13.961918",39000,496,163
1764219056,2025-11-27T04:50:56Z,UBT795,"-11.465117,14.00034",39000,493,163
1764219088,2025-11-27T04:51:28Z,UBT795,"-11.535924,14.02135",39000,493,163
1764219121,2025-11-27T04:52:01Z,UBT795,"-11.606918,14.042421",39000,493,163
1764219151,2025-11-27T04:52:31Z,UBT795,"-11.674463,14.062451",39000,493,163
1764219183,2025-11-27T04:53:03Z,UBT795,"-11.744431,14.083268",39000,493,163
1764219216,2025-11-27T04:53:36Z,UBT795,"-11.815284,14.104373",39000,493,163
1764219235,2025-11-27T04:53:55Z,UBT795,"-11.855784,14.11642",38975,493,163
1764219375,2025-11-27T04:56:15Z,UBT795,"-12.166122,14.208874",38975,493,163
1764219408,2025-11-27T04:56:48Z,UBT795,"-12.237978,14.230283",38975,493,163
1764219440,2025-11-27T04:57:20Z,UBT795,"-12.308458,14.25134",38975,494,163
1764219477,2025-11-27T04:57:57Z,UBT795,"-12.373535,14.270766",38975,290,163
1764219508,2025-11-27T04:58:28Z,UBT795,"-12.458679,14.296196",39000,495,163
1764219540,2025-11-27T04:59:00Z,UBT795,"-12.526108,14.316369",39000,494,163
1764219594,2025-11-27T04:59:54Z,UBT795,"-12.648616,14.353011",39000,493,163
1764219626,2025-11-27T05:00:26Z,UBT795,"-12.717652,14.373731",39000,493,163
1764219658,2025-11-27T05:00:58Z,UBT795,"-12.788551,14.394981",38975,494,163
1764219688,2025-11-27T05:01:28Z,UBT795,"-12.856378,14.415316",38975,495,163
1764219721,2025-11-27T05:02:01Z,UBT795,"-12.927789,14.436758",39000,495,163
1764219753,2025-11-27T05:02:33Z,UBT795,"-12.998108,14.457818",38975,495,163
1764219785,2025-11-27T05:03:05Z,UBT795,"-13.069215,14.479161",38975,493,163
1764219817,2025-11-27T05:03:37Z,UBT795,"-13.138764,14.500026",39000,494,163
1764219849,2025-11-27T05:04:09Z,UBT795,"-13.209,14.521179",39000,495,163
1764219879,2025-11-27T05:04:39Z,UBT795,"-13.276651,14.541513",38975,495,163
1764219911,2025-11-27T05:05:11Z,UBT795,"-13.342756,14.561414",38975,495,163
1764219942,2025-11-27T05:05:42Z,UBT795,"-13.414764,14.583072",38975,494,163
1764219974,2025-11-27T05:06:14Z,UBT795,"-13.485857,14.604492",39000,494,163
1764220007,2025-11-27T05:06:47Z,UBT795,"-13.558153,14.626369",39000,495,163
1764220041,2025-11-27T05:07:21Z,UBT795,"-13.63273,14.648871",38975,495,163
1764220073,2025-11-27T05:07:53Z,UBT795,"-13.704606,14.670555",38975,495,163
1764220104,2025-11-27T05:08:24Z,UBT795,"-13.77182,14.690851",39000,495,163
1764220136,2025-11-27T05:08:56Z,UBT795,"-13.840668,14.711688",39000,495,163
1764220166,2025-11-27T05:09:26Z,UBT795,"-13.908966,14.732334",39000,494,163
1764220197,2025-11-27T05:09:57Z,UBT795,"-13.977403,14.753049",38975,495,163
1764220229,2025-11-27T05:10:29Z,UBT795,"-14.046021,14.773865",38975,496,163
1764220259,2025-11-27T05:10:59Z,UBT795,"-14.114182,14.794512",38975,497,163
1764220291,2025-11-27T05:11:31Z,UBT795,"-14.184311,14.815821",38975,499,163
1764220323,2025-11-27T05:12:03Z,UBT795,"-14.25532,14.837325",39000,500,163
1764220353,2025-11-27T05:12:33Z,UBT795,"-14.32283,14.857825",39000,500,163
1764220384,2025-11-27T05:13:04Z,UBT795,"-14.392183,14.878909",38975,500,163
1764220417,2025-11-27T05:13:37Z,UBT795,"-14.465223,14.901123",39000,500,163
1764220448,2025-11-27T05:14:08Z,UBT795,"-14.534167,14.922084",39000,499,163
1764220480,2025-11-27T05:14:40Z,UBT795,"-14.605672,14.943864",39000,499,163
1764220512,2025-11-27T05:15:12Z,UBT795,"-14.676544,14.965415",39000,498,163
1764220544,2025-11-27T05:15:44Z,UBT795,"-14.747842,14.987134",39000,499,163
1764220576,2025-11-27T05:16:16Z,UBT795,"-14.818405,15.008745",39000,500,163
1764220607,2025-11-27T05:16:47Z,UBT795,"-14.889359,15.030405",39000,501,163
1764220640,2025-11-27T05:17:20Z,UBT795,"-14.961191,15.052348",39000,503,163
1764220672,2025-11-27T05:17:52Z,UBT795,"-15.034561,15.074736",39000,504,163
1764220703,2025-11-27T05:18:23Z,UBT795,"-15.104013,15.096",38975,504,163
1764220734,2025-11-27T05:18:54Z,UBT795,"-15.173656,15.117334",38975,504,163
1764220766,2025-11-27T05:19:26Z,UBT795,"-15.244492,15.139064",38975,505,163
1764220797,2025-11-27T05:19:57Z,UBT795,"-15.315536,15.160844",38975,504,163
1764220829,2025-11-27T05:20:29Z,UBT795,"-15.386536,15.182624",38975,504,163
1764220861,2025-11-27T05:21:01Z,UBT795,"-15.457443,15.204355",38975,504,163
1764220892,2025-11-27T05:21:32Z,UBT795,"-15.529175,15.226377",39000,504,163
1764220924,2025-11-27T05:22:04Z,UBT795,"-15.599991,15.248157",38975,504,163
1764220955,2025-11-27T05:22:35Z,UBT795,"-15.669763,15.269623",39000,505,163
1764220987,2025-11-27T05:23:07Z,UBT795,"-15.740289,15.29135",39000,504,163
1764221019,2025-11-27T05:23:39Z,UBT795,"-15.812347,15.313592",38975,504,163
1764221052,2025-11-27T05:24:12Z,UBT795,"-15.885864,15.33624",39000,504,163
1764221082,2025-11-27T05:24:42Z,UBT795,"-15.953452,15.357072",39000,505,163
1764221113,2025-11-27T05:25:13Z,UBT795,"-16.025003,15.379241",39000,506,163
1764221145,2025-11-27T05:25:45Z,UBT795,"-16.095623,15.401017",38975,505,163
1764221176,2025-11-27T05:26:16Z,UBT795,"-16.166521,15.422941",38975,504,163
1764221207,2025-11-27T05:26:47Z,UBT795,"-16.234451,15.443982",38975,504,163
1764221240,2025-11-27T05:27:20Z,UBT795,"-16.307877,15.466726",39000,503,163
1764221272,2025-11-27T05:27:52Z,UBT795,"-16.379379,15.488892",39000,502,163
1764221304,2025-11-27T05:28:24Z,UBT795,"-16.45134,15.511202",39000,503,163
1764221336,2025-11-27T05:28:56Z,UBT795,"-16.523392,15.533511",38975,503,163
1764221369,2025-11-27T05:29:29Z,UBT795,"-16.596817,15.556399",39000,504,163
1764221400,2025-11-27T05:30:00Z,UBT795,"-16.666763,15.578179",38975,504,163
1764221433,2025-11-27T05:30:33Z,UBT795,"-16.740372,15.60102",39000,505,163
1764221465,2025-11-27T05:31:05Z,UBT795,"-16.813457,15.623834",39000,507,163
1764221498,2025-11-27T05:31:38Z,UBT795,"-16.885895,15.646459",39000,507,163
1764221531,2025-11-27T05:32:11Z,UBT795,"-16.959492,15.669397",38975,505,163
1764221562,2025-11-27T05:32:42Z,UBT795,"-17.029646,15.691223",39000,506,163
1764221593,2025-11-27T05:33:13Z,UBT795,"-17.100266,15.713294",38975,505,163
1764221626,2025-11-27T05:33:46Z,UBT795,"-17.173725,15.736345",38975,503,163
1764221658,2025-11-27T05:34:18Z,UBT795,"-17.245789,15.758924",39000,501,163
1764221691,2025-11-27T05:34:51Z,UBT795,"-17.317478,15.782449",39000,503,159
1764221706,2025-11-27T05:35:06Z,UBT795,"-17.350296,15.797473",39000,507,153
1764221710,2025-11-27T05:35:10Z,UBT795,"-17.35891,15.802116",39000,508,152
1764221712,2025-11-27T05:35:12Z,UBT795,"-17.363251,15.804556",39000,509,151
1764221714,2025-11-27T05:35:14Z,UBT795,"-17.368406,15.807561",39000,509,150
1764221716,2025-11-27T05:35:16Z,UBT795,"-17.372314,15.809904",39000,510,149
1764221718,2025-11-27T05:35:18Z,UBT795,"-17.376801,15.812699",39000,510,149
1764221720,2025-11-27T05:35:20Z,UBT795,"-17.381069,15.815408",39000,511,148
1764221722,2025-11-27T05:35:22Z,UBT795,"-17.385073,15.818056",38975,512,147
1764221724,2025-11-27T05:35:24Z,UBT795,"-17.389076,15.820754",39000,513,146
1764221727,2025-11-27T05:35:27Z,UBT795,"-17.392822,15.823348",38975,512,146
1764221729,2025-11-27T05:35:29Z,UBT795,"-17.397171,15.826384",39000,513,146
1764221760,2025-11-27T05:36:00Z,UBT795,"-17.459276,15.869456",39000,513,146
1764221791,2025-11-27T05:36:31Z,UBT795,"-17.520168,15.911685",39000,516,146
1764221823,2025-11-27T05:37:03Z,UBT795,"-17.58576,15.9572",38975,517,146
1764221856,2025-11-27T05:37:36Z,UBT795,"-17.65098,16.00242",39000,517,146
1764221888,2025-11-27T05:38:08Z,UBT795,"-17.714355,16.04635",39000,517,146
1764221920,2025-11-27T05:38:40Z,UBT795,"-17.778997,16.091291",38975,518,146
1764221953,2025-11-27T05:39:13Z,UBT795,"-17.84404,16.136555",38975,517,146
1764221983,2025-11-27T05:39:43Z,UBT795,"-17.905243,16.179102",39000,517,146
1764222015,2025-11-27T05:40:15Z,UBT795,"-17.968931,16.22352",38975,517,146
1764222045,2025-11-27T05:40:45Z,UBT795,"-18.029434,16.265596",39000,516,146
1764222077,2025-11-27T05:41:17Z,UBT795,"-18.09276,16.309744",39000,517,146
1764222097,2025-11-27T05:41:37Z,UBT795,"-18.136473,16.33412",38975,511,156
1764222100,2025-11-27T05:41:40Z,UBT795,"-18.140625,16.335947",39000,510,157
1764222102,2025-11-27T05:41:42Z,UBT795,"-18.145224,16.337847",38975,510,158
1764222105,2025-11-27T05:41:45Z,UBT795,"-18.151882,16.340496",39000,509,159
1764222107,2025-11-27T05:41:47Z,UBT795,"-18.156097,16.342066",38975,508,160
1764222109,2025-11-27T05:41:49Z,UBT795,"-18.161453,16.343946",39000,507,161
1764222111,2025-11-27T05:41:51Z,UBT795,"-18.165707,16.34535",38975,507,162
1764222113,2025-11-27T05:41:53Z,UBT795,"-18.170223,16.346773",38975,506,163
1764222115,2025-11-27T05:41:55Z,UBT795,"-18.1745,16.348042",38975,506,164
1764222117,2025-11-27T05:41:57Z,UBT795,"-18.180405,16.34968",38975,505,164
1764222120,2025-11-27T05:42:00Z,UBT795,"-18.185165,16.350943",38975,504,166
1764222122,2025-11-27T05:42:02Z,UBT795,"-18.189728,16.352051",38975,503,167
1764222124,2025-11-27T05:42:04Z,UBT795,"-18.194504,16.3531",38975,503,167
1764222126,2025-11-27T05:42:06Z,UBT795,"-18.199997,16.354229",38975,502,169
1764222128,2025-11-27T05:42:08Z,UBT795,"-18.204575,16.355062",39000,501,170
1764222130,2025-11-27T05:42:10Z,UBT795,"-18.208954,16.355846",38975,501,170
1764222132,2025-11-27T05:42:12Z,UBT795,"-18.214233,16.35668",38975,500,171
1764222135,2025-11-27T05:42:15Z,UBT795,"-18.219988,16.357643",39000,500,171
1764222137,2025-11-27T05:42:17Z,UBT795,"-18.223892,16.35825",39000,501,171
1764222139,2025-11-27T05:42:19Z,UBT795,"-18.22847,16.359035",39000,501,170
1764222141,2025-11-27T05:42:21Z,UBT795,"-18.233505,16.359869",38975,501,170
1764222171,2025-11-27T05:42:51Z,UBT795,"-18.302664,16.371576",38975,501,170
1764222204,2025-11-27T05:43:24Z,UBT795,"-18.377985,16.38431",38975,502,170
1764222234,2025-11-27T05:43:54Z,UBT795,"-18.448425,16.396261",39000,504,170
1764222266,2025-11-27T05:44:26Z,UBT795,"-18.521896,16.408817",38975,504,170
1764222299,2025-11-27T05:44:59Z,UBT795,"-18.598206,16.421764",38975,504,170
1764222331,2025-11-27T05:45:31Z,UBT795,"-18.672941,16.434498",39000,505,170
1764222362,2025-11-27T05:46:02Z,UBT795,"-18.744259,16.446684",39000,505,170
1764222395,2025-11-27T05:46:35Z,UBT795,"-18.819946,16.460413",38975,506,169
1764222427,2025-11-27T05:47:07Z,UBT795,"-18.89415,16.475912",39000,506,168
1764222459,2025-11-27T05:47:39Z,UBT795,"-18.967989,16.491627",39000,507,168
1764222491,2025-11-27T05:48:11Z,UBT795,"-19.042557,16.507547",39000,508,168
1764222523,2025-11-27T05:48:43Z,UBT795,"-19.116165,16.523088",38975,505,168
1764222555,2025-11-27T05:49:15Z,UBT795,"-19.190601,16.538818",38975,503,168
1764222588,2025-11-27T05:49:48Z,UBT795,"-19.265121,16.554483",39000,503,168
1764222620,2025-11-27T05:50:20Z,UBT795,"-19.33873,16.56988",39000,504,168
1764222653,2025-11-27T05:50:53Z,UBT795,"-19.413391,16.585629",39000,505,168
1764222683,2025-11-27T05:51:23Z,UBT795,"-19.482376,16.600195",38975,505,168
1764222715,2025-11-27T05:51:55Z,UBT795,"-19.555984,16.615742",39000,505,168
1764222747,2025-11-27T05:52:27Z,UBT795,"-19.630875,16.631634",38975,504,168
1764222778,2025-11-27T05:52:58Z,UBT795,"-19.700861,16.646435",39000,505,168
1764222811,2025-11-27T05:53:31Z,UBT795,"-19.777159,16.662565",39000,505,168
1764222843,2025-11-27T05:54:03Z,UBT795,"-19.851059,16.678226",39000,505,168
1764222876,2025-11-27T05:54:36Z,UBT795,"-19.92659,16.694363",38975,506,168
1764222906,2025-11-27T05:55:06Z,UBT795,"-19.996719,16.709272",39000,506,168
1764222939,2025-11-27T05:55:39Z,UBT795,"-20.072208,16.725286",38975,507,168
1764222972,2025-11-27T05:56:12Z,UBT795,"-20.148041,16.741467",38975,508,168
1764223004,2025-11-27T05:56:44Z,UBT795,"-20.221128,16.757147",39000,508,168
1764223036,2025-11-27T05:57:16Z,UBT795,"-20.296234,16.77313",39000,508,168
1764223068,2025-11-27T05:57:48Z,UBT795,"-20.370514,16.789007",38975,509,168
1764223099,2025-11-27T05:58:19Z,UBT795,"-20.442123,16.804325",39000,510,168
1764223130,2025-11-27T05:58:50Z,UBT795,"-20.514175,16.819719",38975,509,168
1764223162,2025-11-27T05:59:22Z,UBT795,"-20.589523,16.835861",39000,510,168
1764223194,2025-11-27T05:59:54Z,UBT795,"-20.662537,16.851479",39000,510,168
1764223224,2025-11-27T06:00:24Z,UBT795,"-20.7323,16.866467",38975,510,168
1764223257,2025-11-27T06:00:57Z,UBT795,"-20.809036,16.88299",39000,510,168
1764223288,2025-11-27T06:01:28Z,UBT795,"-20.880913,16.89842",39000,510,168
1764223319,2025-11-27T06:01:59Z,UBT795,"-20.953903,16.914236",38975,510,168
1764223350,2025-11-27T06:02:30Z,UBT795,"-21.024353,16.929392",38975,509,168
1764223382,2025-11-27T06:03:02Z,UBT795,"-21.098923,16.945412",38975,508,168
1764223413,2025-11-27T06:03:33Z,UBT795,"-21.170059,16.960894",39000,507,168
1764223445,2025-11-27T06:04:05Z,UBT795,"-21.244534,16.977896",38975,508,167
1764223477,2025-11-27T06:04:37Z,UBT795,"-21.317505,16.9946",39000,507,167
1764223509,2025-11-27T06:05:09Z,UBT795,"-21.390198,17.011181",39000,507,167
1764223539,2025-11-27T06:05:39Z,UBT795,"-21.460144,17.027161",38975,506,168
1764223571,2025-11-27T06:06:11Z,UBT795,"-21.535345,17.044271",38975,506,167
1764223603,2025-11-27T06:06:43Z,UBT795,"-21.608139,17.060968",38975,506,167
1764223636,2025-11-27T06:07:16Z,UBT795,"-21.682983,17.078596",39000,508,165
1764223667,2025-11-27T06:07:47Z,UBT795,"-21.753954,17.104034",39000,511,157
1764223699,2025-11-27T06:08:19Z,UBT795,"-21.822876,17.138123",38975,513,154
1764223731,2025-11-27T06:08:51Z,UBT795,"-21.89119,17.172598",39000,514,154
1764223764,2025-11-27T06:09:24Z,UBT795,"-21.96048,17.207685",39000,515,154
1764223795,2025-11-27T06:09:55Z,UBT795,"-22.029356,17.242636",39000,515,154
1764223827,2025-11-27T06:10:27Z,UBT795,"-22.099182,17.278048",38975,516,154
1764223859,2025-11-27T06:10:59Z,UBT795,"-22.167664,17.312805",39000,517,154
1764223891,2025-11-27T06:11:31Z,UBT795,"-22.237398,17.348276",39000,519,154
1764223923,2025-11-27T06:12:03Z,UBT795,"-22.306503,17.383417",39000,520,154
1764223955,2025-11-27T06:12:35Z,UBT795,"-22.376776,17.41918",38975,517,154
1764223987,2025-11-27T06:13:07Z,UBT795,"-22.446671,17.45373",39000,514,158
1764224007,2025-11-27T06:13:27Z,UBT795,"-22.490433,17.46941",38975,512,164
1764224013,2025-11-27T06:13:33Z,UBT795,"-22.504669,17.473356",39000,511,166
1764224020,2025-11-27T06:13:40Z,UBT795,"-22.519226,17.476858",39000,509,168
1764224052,2025-11-27T06:14:12Z,UBT795,"-22.594269,17.489676",39050,508,171
1764224083,2025-11-27T06:14:43Z,UBT795,"-22.666901,17.50157",39375,509,171
1764224113,2025-11-27T06:15:13Z,UBT795,"-22.73735,17.513155",39750,508,171
1764224145,2025-11-27T06:15:45Z,UBT795,"-22.811417,17.52524",40000,506,171
1764224177,2025-11-27T06:16:17Z,UBT795,"-22.886244,17.537588",39975,504,171
1764224207,2025-11-27T06:16:47Z,UBT795,"-22.95575,17.549061",39975,503,171
1764224240,2025-11-27T06:17:20Z,UBT795,"-23.031052,17.561546",40000,504,171
1764224272,2025-11-27T06:17:52Z,UBT795,"-23.105072,17.573631",39975,504,171
1764224304,2025-11-27T06:18:24Z,UBT795,"-23.17955,17.585966",40000,504,171
1764224335,2025-11-27T06:18:55Z,UBT795,"-23.251373,17.597851",39975,505,171
1764224366,2025-11-27T06:19:26Z,UBT795,"-23.324203,17.609835",40000,505,171
1764224398,2025-11-27T06:19:58Z,UBT795,"-23.398407,17.62207",40000,505,171
1764224430,2025-11-27T06:20:30Z,UBT795,"-23.472336,17.634226",40000,505,171
1764224462,2025-11-27T06:21:02Z,UBT795,"-23.546448,17.646322",40000,505,171
1764224493,2025-11-27T06:21:33Z,UBT795,"-23.616974,17.657984",40000,506,171
1764224525,2025-11-27T06:22:05Z,UBT795,"-23.691147,17.670135",39975,507,171
1764224556,2025-11-27T06:22:36Z,UBT795,"-23.764709,17.682291",39975,507,171
1764224588,2025-11-27T06:23:08Z,UBT795,"-23.839029,17.694466",40000,508,171
1764224619,2025-11-27T06:23:39Z,UBT795,"-23.911697,17.706299",40000,510,171
1764224650,2025-11-27T06:24:10Z,UBT795,"-23.984344,17.7181",39975,511,171
1764224682,2025-11-27T06:24:42Z,UBT795,"-24.059128,17.730223",40000,511,171
1764224712,2025-11-27T06:25:12Z,UBT795,"-24.1304,17.742039",40000,511,171
1764224744,2025-11-27T06:25:44Z,UBT795,"-24.206465,17.75432",40000,512,171
1764224777,2025-11-27T06:26:17Z,UBT795,"-24.281553,17.766655",39975,511,171
1764224807,2025-11-27T06:26:47Z,UBT795,"-24.352499,17.778263",40000,512,171
1764224838,2025-11-27T06:27:18Z,UBT795,"-24.426636,17.790274",40000,513,171
1764224871,2025-11-27T06:27:51Z,UBT795,"-24.50322,17.802938",39975,516,171
1764224902,2025-11-27T06:28:22Z,UBT795,"-24.57724,17.814993",39975,517,171
1764224932,2025-11-27T06:28:52Z,UBT795,"-24.648712,17.826509",40000,517,171
1764224963,2025-11-27T06:29:23Z,UBT795,"-24.722397,17.838236",39975,515,171
1764224995,2025-11-27T06:29:55Z,UBT795,"-24.797836,17.850342",39975,513,171
1764225027,2025-11-27T06:30:27Z,UBT795,"-24.873466,17.862474",39975,514,171
1764225060,2025-11-27T06:31:00Z,UBT795,"-24.949532,17.874807",39975,515,171
1764225090,2025-11-27T06:31:30Z,UBT795,"-25.020525,17.886261",39975,515,171
1764225122,2025-11-27T06:32:02Z,UBT795,"-25.097149,17.898802",40000,515,171
1764225154,2025-11-27T06:32:34Z,UBT795,"-25.172562,17.911224",39975,515,171
1764225184,2025-11-27T06:33:04Z,UBT795,"-25.243881,17.922922",40000,515,171
1764225215,2025-11-27T06:33:35Z,UBT795,"-25.317854,17.935078",39975,515,171
1764225247,2025-11-27T06:34:07Z,UBT795,"-25.39238,17.947287",40000,516,171
1764225278,2025-11-27T06:34:38Z,UBT795,"-25.467636,17.959696",39975,515,171
1764225311,2025-11-27T06:35:11Z,UBT795,"-25.543959,17.972233",40000,515,171
1764225342,2025-11-27T06:35:42Z,UBT795,"-25.617416,17.984262",40000,515,171
1764225374,2025-11-27T06:36:14Z,UBT795,"-25.694088,17.996901",40000,513,171
1764225407,2025-11-27T06:36:47Z,UBT795,"-25.769783,18.009441",40000,512,171
1764225438,2025-11-27T06:37:18Z,UBT795,"-25.843521,18.021593",40000,512,171
1764225470,2025-11-27T06:37:50Z,UBT795,"-25.917818,18.033899",40000,513,171
1764225501,2025-11-27T06:38:21Z,UBT795,"-25.992142,18.046288",40000,515,171
1764225532,2025-11-27T06:38:52Z,UBT795,"-26.066647,18.058723",39975,515,171
1764225565,2025-11-27T06:39:25Z,UBT795,"-26.142609,18.071369",40000,516,171
1764225596,2025-11-27T06:39:56Z,UBT795,"-26.217104,18.083708",40000,515,171
1764225628,2025-11-27T06:40:28Z,UBT795,"-26.292389,18.096245",40000,514,171
1764225660,2025-11-27T06:41:00Z,UBT795,"-26.366302,18.10869",39975,515,171
1764225692,2025-11-27T06:41:32Z,UBT795,"-26.442535,18.121429",39975,513,171
1764225724,2025-11-27T06:42:04Z,UBT795,"-26.519257,18.13423",39975,512,171
1764225756,2025-11-27T06:42:36Z,UBT795,"-26.593386,18.146721",39975,514,171
1764225788,2025-11-27T06:43:08Z,UBT795,"-26.669964,18.159451",40000,515,171
1764225821,2025-11-27T06:43:41Z,UBT795,"-26.746765,18.172476",40000,514,171
1764225851,2025-11-27T06:44:11Z,UBT795,"-26.818279,18.184591",40000,514,171
1764225883,2025-11-27T06:44:43Z,UBT795,"-26.893833,18.197109",40000,514,171
1764225915,2025-11-27T06:45:15Z,UBT795,"-26.967943,18.209576",40000,514,171
1764225947,2025-11-27T06:45:47Z,UBT795,"-27.04443,18.222569",40000,515,171
1764225979,2025-11-27T06:46:19Z,UBT795,"-27.120438,18.235491",40000,517,171
1764226011,2025-11-27T06:46:51Z,UBT795,"-27.196335,18.248343",39975,517,171
1764226043,2025-11-27T06:47:23Z,UBT795,"-27.27182,18.261143",39975,518,171
1764226075,2025-11-27T06:47:55Z,UBT795,"-27.346786,18.273909",39975,519,171
1764226107,2025-11-27T06:48:27Z,UBT795,"-27.42453,18.286951",40000,523,171
1764226137,2025-11-27T06:48:57Z,UBT795,"-27.497429,18.299473",40000,526,171
1764226170,2025-11-27T06:49:30Z,UBT795,"-27.574951,18.313587",39975,529,170
1764226201,2025-11-27T06:50:01Z,UBT795,"-27.650894,18.327475",39975,528,170
1764226231,2025-11-27T06:50:31Z,UBT795,"-27.724558,18.34083",40000,527,170
1764226264,2025-11-27T06:51:04Z,UBT795,"-27.80365,18.355251",40000,528,170
1764226296,2025-11-27T06:51:36Z,UBT795,"-27.880787,18.369404",39975,527,170
1764226329,2025-11-27T06:52:09Z,UBT795,"-27.960392,18.383896",40000,526,170
1764226360,2025-11-27T06:52:40Z,UBT795,"-28.035736,18.397556",39975,524,170
1764226391,2025-11-27T06:53:11Z,UBT795,"-28.109358,18.411039",39975,523,170
1764226421,2025-11-27T06:53:41Z,UBT795,"-28.183823,18.424706",40000,523,170
1764226452,2025-11-27T06:54:12Z,UBT795,"-28.255857,18.437967",39975,522,170
1764226483,2025-11-27T06:54:43Z,UBT795,"-28.330435,18.451591",39975,522,170
1764226515,2025-11-27T06:55:15Z,UBT795,"-28.40712,18.465746",40000,522,170
1764226548,2025-11-27T06:55:48Z,UBT795,"-28.484337,18.480082",40000,521,170
1764226579,2025-11-27T06:56:19Z,UBT795,"-28.559238,18.493975",39975,521,170
1764226611,2025-11-27T06:56:51Z,UBT795,"-28.63623,18.508266",39975,520,170
1764226642,2025-11-27T06:57:22Z,UBT795,"-28.710434,18.521946",40000,519,170
1764226673,2025-11-27T06:57:53Z,UBT795,"-28.782761,18.535362",40000,520,170
1764226704,2025-11-27T06:58:24Z,UBT795,"-28.856644,18.549095",40000,521,170
1764226735,2025-11-27T06:58:55Z,UBT795,"-28.931717,18.562986",39975,523,170
1764226768,2025-11-27T06:59:28Z,UBT795,"-29.010098,18.577719",40000,524,170
1764226800,2025-11-27T07:00:00Z,UBT795,"-29.08699,18.592089",40000,522,170
1764226831,2025-11-27T07:00:31Z,UBT795,"-29.160095,18.60577",40000,521,170
1764226862,2025-11-27T07:01:02Z,UBT795,"-29.23645,18.620029",40000,521,170
1764226893,2025-11-27T07:01:33Z,UBT795,"-29.310221,18.633835",40000,522,170
1764226926,2025-11-27T07:02:06Z,UBT795,"-29.387682,18.648376",39975,522,170
1764226958,2025-11-27T07:02:38Z,UBT795,"-29.465332,18.663025",39975,522,170
1764226990,2025-11-27T07:03:10Z,UBT795,"-29.542562,18.677567",40000,523,170
1764227022,2025-11-27T07:03:42Z,UBT795,"-29.618721,18.691999",39975,523,170
1764227053,2025-11-27T07:04:13Z,UBT795,"-29.690784,18.705624",39975,520,170
1764227085,2025-11-27T07:04:45Z,UBT795,"-29.768555,18.72028",39975,520,170
1764227118,2025-11-27T07:05:18Z,UBT795,"-29.845825,18.734911",39975,521,170
1764227151,2025-11-27T07:05:51Z,UBT795,"-29.924973,18.75",39975,520,170
1764227183,2025-11-27T07:06:23Z,UBT795,"-30.001556,18.764486",40000,520,170
1764227214,2025-11-27T07:06:54Z,UBT795,"-30.075577,18.778543",40000,524,170
1764227246,2025-11-27T07:07:26Z,UBT795,"-30.152536,18.793377",40000,525,170
1764227278,2025-11-27T07:07:58Z,UBT795,"-30.230484,18.808271",39975,524,170
1764227309,2025-11-27T07:08:29Z,UBT795,"-30.304064,18.822271",40000,525,170
1764227342,2025-11-27T07:09:02Z,UBT795,"-30.38176,18.837322",40000,524,170
1764227372,2025-11-27T07:09:32Z,UBT795,"-30.455313,18.85144",39975,521,170
1764227405,2025-11-27T07:10:05Z,UBT795,"-30.533798,18.866436",40000,520,170
1764227436,2025-11-27T07:10:36Z,UBT795,"-30.606375,18.881763",40000,519,169
1764227468,2025-11-27T07:11:08Z,UBT795,"-30.681648,18.898518",40000,520,169
1764227499,2025-11-27T07:11:39Z,UBT795,"-30.754349,18.914633",39975,520,169
1764227531,2025-11-27T07:12:11Z,UBT795,"-30.83107,18.931652",40000,521,169
1764227564,2025-11-27T07:12:44Z,UBT795,"-30.909615,18.948999",40000,522,169
1764227595,2025-11-27T07:13:15Z,UBT795,"-30.983261,18.965313",39975,522,169
1764227627,2025-11-27T07:13:47Z,UBT795,"-31.059219,18.982166",40000,523,169
1764227659,2025-11-27T07:14:19Z,UBT795,"-31.133514,18.998646",40000,523,169
1764227691,2025-11-27T07:14:51Z,UBT795,"-31.20997,19.015631",40000,524,169
1764227722,2025-11-27T07:15:22Z,UBT795,"-31.285629,19.032413",39975,524,169
1764227755,2025-11-27T07:15:55Z,UBT795,"-31.362755,19.049524",39975,525,169
1764227786,2025-11-27T07:16:26Z,UBT795,"-31.437798,19.066278",40000,525,169
1764227817,2025-11-27T07:16:57Z,UBT795,"-31.512327,19.082977",39975,524,169
1764227849,2025-11-27T07:17:29Z,UBT795,"-31.589493,19.100269",39975,526,169
1764227881,2025-11-27T07:18:01Z,UBT795,"-31.665298,19.117395",40000,528,169
1764227912,2025-11-27T07:18:32Z,UBT795,"-31.740692,19.134253",39975,522,169
1764227943,2025-11-27T07:19:03Z,UBT795,"-31.813427,19.150682",39975,514,169
1764227975,2025-11-27T07:19:35Z,UBT795,"-31.887491,19.167442",39425,511,169
1764228006,2025-11-27T07:20:06Z,UBT795,"-31.958809,19.183418",38100,513,167
1764228022,2025-11-27T07:20:22Z,UBT795,"-31.996052,19.196646",37475,512,159
1764228024,2025-11-27T07:20:24Z,UBT795,"-32.001572,19.199213",37375,514,158
1764228027,2025-11-27T07:20:27Z,UBT795,"-32.006618,19.201748",37300,514,156
1764228029,2025-11-27T07:20:29Z,UBT795,"-32.012009,19.204706",37200,514,155
1764228032,2025-11-27T07:20:32Z,UBT795,"-32.016724,19.207397",37125,515,153
1764228034,2025-11-27T07:20:34Z,UBT795,"-32.02161,19.210323",37050,515,152
1764228036,2025-11-27T07:20:36Z,UBT795,"-32.026016,19.213165",37000,516,151
1764228039,2025-11-27T07:20:39Z,UBT795,"-32.032608,19.21767",36900,515,149
1764228041,2025-11-27T07:20:41Z,UBT795,"-32.037094,19.220856",36825,516,148
1764228043,2025-11-27T07:20:43Z,UBT795,"-32.040928,19.223776",36775,515,147
1764228046,2025-11-27T07:20:46Z,UBT795,"-32.045471,19.227337",36700,515,146
1764228048,2025-11-27T07:20:48Z,UBT795,"-32.050377,19.2314",36625,516,145
1764228050,2025-11-27T07:20:50Z,UBT795,"-32.054615,19.235043",36550,516,143
1764228052,2025-11-27T07:20:52Z,UBT795,"-32.058384,19.238462",36475,516,142
1764228055,2025-11-27T07:20:55Z,UBT795,"-32.062683,19.242498",36400,516,141
1764228057,2025-11-27T07:20:57Z,UBT795,"-32.066345,19.246124",36325,516,140
1764228059,2025-11-27T07:20:59Z,UBT795,"-32.070648,19.250574",36275,515,138
1764228061,2025-11-27T07:21:01Z,UBT795,"-32.075096,19.255333",36175,516,137
1764228064,2025-11-27T07:21:04Z,UBT795,"-32.078541,19.259201",36125,516,136
1764228066,2025-11-27T07:21:06Z,UBT795,"-32.082458,19.263702",36050,516,135
1764228068,2025-11-27T07:21:08Z,UBT795,"-32.086533,19.268482",35975,516,135
1764228070,2025-11-27T07:21:10Z,UBT795,"-32.089828,19.272491",35925,515,134
1764228072,2025-11-27T07:21:12Z,UBT795,"-32.09317,19.276556",35875,514,133
1764228075,2025-11-27T07:21:15Z,UBT795,"-32.097256,19.281622",35800,514,133
1764228077,2025-11-27T07:21:17Z,UBT795,"-32.100513,19.285658",35725,514,133
1764228079,2025-11-27T07:21:19Z,UBT795,"-32.103775,19.289749",35675,513,133
1764228112,2025-11-27T07:21:52Z,UBT795,"-32.156708,19.356647",34600,506,132
1764228144,2025-11-27T07:22:24Z,UBT795,"-32.207382,19.420422",33525,501,133
1764228174,2025-11-27T07:22:54Z,UBT795,"-32.255356,19.480682",32625,495,133
1764228206,2025-11-27T07:23:26Z,UBT795,"-32.304932,19.54369",31825,484,132
1764228234,2025-11-27T07:23:54Z,UBT795,"-32.349976,19.594885",31075,474,142
1764228237,2025-11-27T07:23:57Z,UBT795,"-32.354187,19.598566",31000,473,143
1764228239,2025-11-27T07:23:59Z,UBT795,"-32.35849,19.602081",30925,472,144
1764228241,2025-11-27T07:24:01Z,UBT795,"-32.362885,19.605541",30850,472,146
1764228244,2025-11-27T07:24:04Z,UBT795,"-32.367447,19.608971",30775,470,147
1764228246,2025-11-27T07:24:06Z,UBT795,"-32.37117,19.61166",30725,469,148
1764228248,2025-11-27T07:24:08Z,UBT795,"-32.375107,19.614386",30650,468,149
1764228250,2025-11-27T07:24:10Z,UBT795,"-32.37886,19.616968",30600,468,149
1764228252,2025-11-27T07:24:12Z,UBT795,"-32.383347,19.620045",30525,468,150
1764228255,2025-11-27T07:24:15Z,UBT795,"-32.388245,19.623285",30425,467,150
1764228257,2025-11-27T07:24:17Z,UBT795,"-32.393002,19.626402",30350,467,150
1764228260,2025-11-27T07:24:20Z,UBT795,"-32.396774,19.628925",30300,466,150
1764228262,2025-11-27T07:24:22Z,UBT795,"-32.401337,19.63184",30225,466,151
1764228294,2025-11-27T07:24:54Z,UBT795,"-32.462082,19.670746",29225,464,151
1764228326,2025-11-27T07:25:26Z,UBT795,"-32.52116,19.708799",28350,459,151
1764228351,2025-11-27T07:25:51Z,UBT795,"-32.568558,19.736719",27650,450,159
1764228353,2025-11-27T07:25:53Z,UBT795,"-32.572693,19.738396",27600,448,160
1764228356,2025-11-27T07:25:56Z,UBT795,"-32.578651,19.740526",27500,447,163
1764228358,2025-11-27T07:25:58Z,UBT795,"-32.582428,19.741663",27475,445,165
1764228360,2025-11-27T07:26:00Z,UBT795,"-32.587646,19.742981",27400,442,168
1764228362,2025-11-27T07:26:02Z,UBT795,"-32.591263,19.74375",27350,441,170
1764228364,2025-11-27T07:26:04Z,UBT795,"-32.596294,19.744562",27300,440,172
1764228367,2025-11-27T07:26:07Z,UBT795,"-32.600143,19.745014",27250,437,174
1764228369,2025-11-27T07:26:09Z,UBT795,"-32.605774,19.745398",27150,435,177
1764228372,2025-11-27T07:26:12Z,UBT795,"-32.610821,19.745514",27075,433,179
1764228374,2025-11-27T07:26:14Z,UBT795,"-32.614609,19.745398",27025,432,181
1764228376,2025-11-27T07:26:16Z,UBT795,"-32.61937,19.744959",26975,429,183
1764228378,2025-11-27T07:26:18Z,UBT795,"-32.624275,19.744337",26900,426,186
1764228381,2025-11-27T07:26:21Z,UBT795,"-32.627975,19.743641",26875,425,188
1764228383,2025-11-27T07:26:23Z,UBT795,"-32.633583,19.742376",26800,422,191
1764228386,2025-11-27T07:26:26Z,UBT795,"-32.637356,19.741255",26775,420,194
1764228388,2025-11-27T07:26:28Z,UBT795,"-32.642941,19.739349",26725,417,197
1764228391,2025-11-27T07:26:31Z,UBT795,"-32.64769,19.737387",26700,415,199
1764228393,2025-11-27T07:26:33Z,UBT795,"-32.651974,19.735426",26650,412,202
1764228396,2025-11-27T07:26:36Z,UBT795,"-32.656311,19.733093",26625,410,204
1764228398,2025-11-27T07:26:38Z,UBT795,"-32.659515,19.73122",26600,408,206
1764228400,2025-11-27T07:26:40Z,UBT795,"-32.662865,19.729147",26600,407,207
1764228402,2025-11-27T07:26:42Z,UBT795,"-32.666931,19.726391",26575,405,209
1764228405,2025-11-27T07:26:45Z,UBT795,"-32.670135,19.724085",26550,403,210
1764228407,2025-11-27T07:26:47Z,UBT795,"-32.673805,19.721468",26525,402,211
1764228409,2025-11-27T07:26:49Z,UBT795,"-32.678146,19.718426",26500,402,211
1764228411,2025-11-27T07:26:51Z,UBT795,"-32.68116,19.716255",26475,401,210
1764228414,2025-11-27T07:26:54Z,UBT795,"-32.685677,19.713116",26450,402,210
1764228416,2025-11-27T07:26:56Z,UBT795,"-32.689041,19.710735",26425,401,210
1764228418,2025-11-27T07:26:58Z,UBT795,"-32.692245,19.708538",26400,401,210
1764228421,2025-11-27T07:27:01Z,UBT795,"-32.696045,19.705847",26375,400,210
1764228423,2025-11-27T07:27:03Z,UBT795,"-32.69989,19.703156",26350,400,210
1764228454,2025-11-27T07:27:34Z,UBT795,"-32.749126,19.668386",25975,395,211
1764228485,2025-11-27T07:28:05Z,UBT795,"-32.797543,19.633633",25575,392,211
1764228516,2025-11-27T07:28:36Z,UBT795,"-32.84523,19.599115",25200,389,211
1764228548,2025-11-27T07:29:08Z,UBT795,"-32.894695,19.563456",24425,385,211
1764228579,2025-11-27T07:29:39Z,UBT795,"-32.941498,19.529572",23675,381,211
1764228610,2025-11-27T07:30:10Z,UBT795,"-32.98859,19.49552",22900,378,211
1764228642,2025-11-27T07:30:42Z,UBT795,"-33.035889,19.461346",22150,375,211
1764228674,2025-11-27T07:31:14Z,UBT795,"-33.084072,19.426687",21350,372,211
1764228707,2025-11-27T07:31:47Z,UBT795,"-33.130764,19.392942",20600,369,211
1764228738,2025-11-27T07:32:18Z,UBT795,"-33.176804,19.359592",19875,365,211
1764228770,2025-11-27T07:32:50Z,UBT795,"-33.222889,19.326073",19125,362,211
1764228802,2025-11-27T07:33:22Z,UBT795,"-33.268559,19.292776",18325,359,211
1764228835,2025-11-27T07:33:55Z,UBT795,"-33.314758,19.259144",17525,356,211
1764228865,2025-11-27T07:34:25Z,UBT795,"-33.356598,19.225689",16725,347,222
1764228868,2025-11-27T07:34:28Z,UBT795,"-33.35873,19.22316",16675,346,224
1764228870,2025-11-27T07:34:30Z,UBT795,"-33.36145,19.219646",16625,344,226
1764228872,2025-11-27T07:34:32Z,UBT795,"-33.363617,19.216658",16575,342,230
1764228874,2025-11-27T07:34:34Z,UBT795,"-33.366177,19.21279",16525,341,232
1764228876,2025-11-27T07:34:36Z,UBT795,"-33.367905,19.209869",16475,340,234
1764228879,2025-11-27T07:34:39Z,UBT795,"-33.369762,19.206623",16425,339,235
1764228881,2025-11-27T07:34:41Z,UBT795,"-33.371704,19.203003",16375,337,237
1764228883,2025-11-27T07:34:43Z,UBT795,"-33.373856,19.198883",16325,337,238
1764228885,2025-11-27T07:34:45Z,UBT795,"-33.375458,19.195698",16275,336,238
1764228887,2025-11-27T07:34:47Z,UBT795,"-33.376923,19.192841",16225,335,239
1764228890,2025-11-27T07:34:50Z,UBT795,"-33.378479,19.1896",16200,336,239
1764228892,2025-11-27T07:34:52Z,UBT795,"-33.380421,19.185604",16150,335,239
1764228894,2025-11-27T07:34:54Z,UBT795,"-33.382095,19.18224",16100,336,240
1764228896,2025-11-27T07:34:56Z,UBT795,"-33.384007,19.178205",16025,336,240
1764228898,2025-11-27T07:34:58Z,UBT795,"-33.385727,19.174673",15975,336,240
1764228901,2025-11-27T07:35:01Z,UBT795,"-33.38731,19.171478",15925,336,239
1764228903,2025-11-27T07:35:03Z,UBT795,"-33.388779,19.168396",15875,336,239
1764228933,2025-11-27T07:35:33Z,UBT795,"-33.41304,19.119013",15125,340,239
1764228964,2025-11-27T07:36:04Z,UBT795,"-33.437759,19.069519",14350,336,239
1764228997,2025-11-27T07:36:37Z,UBT795,"-33.463394,19.017939",13525,331,239
1764229028,2025-11-27T07:37:08Z,UBT795,"-33.488205,18.968719",12700,330,239
1764229059,2025-11-27T07:37:39Z,UBT795,"-33.511932,18.921091",11600,320,239
1764229073,2025-11-27T07:37:53Z,UBT795,"-33.522125,18.900352",11050,316,239
1764229086,2025-11-27T07:38:06Z,UBT795,"-33.532413,18.879612",10775,307,239
1764229100,2025-11-27T07:38:20Z,UBT795,"-33.541866,18.860664",10425,300,239
1764229113,2025-11-27T07:38:33Z,UBT795,"-33.550919,18.842281",10100,295,239
1764229126,2025-11-27T07:38:46Z,UBT795,"-33.560162,18.823357",9725,290,240
1764229139,2025-11-27T07:38:59Z,UBT795,"-33.56905,18.80476",9300,287,240
1764229153,2025-11-27T07:39:13Z,UBT795,"-33.577805,18.786221",8900,287,240
1764229166,2025-11-27T07:39:26Z,UBT795,"-33.586212,18.768068",8650,283,241
1764229179,2025-11-27T07:39:39Z,UBT795,"-33.594589,18.749681",8400,279,241
1764229193,2025-11-27T07:39:53Z,UBT795,"-33.602848,18.731289",8125,278,241
1764229206,2025-11-27T07:40:06Z,UBT795,"-33.610809,18.713608",7800,279,241
1764229219,2025-11-27T07:40:19Z,UBT795,"-33.619141,18.695011",7425,279,241
1764229232,2025-11-27T07:40:32Z,UBT795,"-33.627148,18.67733",6975,280,241
1764229246,2025-11-27T07:40:46Z,UBT795,"-33.635513,18.659101",6475,282,241
1764229259,2025-11-27T07:40:59Z,UBT795,"-33.643799,18.640997",6150,278,241
1764229272,2025-11-27T07:41:12Z,UBT795,"-33.651867,18.623314",5975,270,241
1764229285,2025-11-27T07:41:25Z,UBT795,"-33.65955,18.606491",5825,257,241
1764229298,2025-11-27T07:41:38Z,UBT795,"-33.667007,18.590044",5625,250,241
1764229312,2025-11-27T07:41:52Z,UBT795,"-33.674259,18.574219",5500,240,240
1764229318,2025-11-27T07:41:58Z,UBT795,"-33.678268,18.567398",5400,237,231
1764229321,2025-11-27T07:42:01Z,UBT795,"-33.679733,18.565437",5375,237,227
1764229323,2025-11-27T07:42:03Z,UBT795,"-33.68166,18.563175",5350,236,223
1764229325,2025-11-27T07:42:05Z,UBT795,"-33.683487,18.561457",5325,235,217
1764229327,2025-11-27T07:42:07Z,UBT795,"-33.68541,18.559832",5300,234,215
1764229329,2025-11-27T07:42:09Z,UBT795,"-33.68734,18.558369",5275,232,211
1764229332,2025-11-27T07:42:12Z,UBT795,"-33.689762,18.556709",5250,232,209
1764229334,2025-11-27T07:42:14Z,UBT795,"-33.691544,18.555628",5225,229,207
1764229336,2025-11-27T07:42:16Z,UBT795,"-33.693577,18.55442",5200,228,206
1764229338,2025-11-27T07:42:18Z,UBT795,"-33.695858,18.553162",5150,226,204
1764229341,2025-11-27T07:42:21Z,UBT795,"-33.697861,18.552097",5125,226,203
1764229343,2025-11-27T07:42:23Z,UBT795,"-33.700096,18.550987",5100,225,203
1764229345,2025-11-27T07:42:25Z,UBT795,"-33.70261,18.549728",5050,224,202
1764229347,2025-11-27T07:42:27Z,UBT795,"-33.704517,18.548756",5025,223,202
1764229349,2025-11-27T07:42:29Z,UBT795,"-33.706799,18.547668",5000,223,202
1764229352,2025-11-27T07:42:32Z,UBT795,"-33.70871,18.546753",4975,222,201
1764229354,2025-11-27T07:42:34Z,UBT795,"-33.710804,18.545723",4950,220,201
1764229356,2025-11-27T07:42:36Z,UBT795,"-33.712601,18.544867",4950,219,201
1764229358,2025-11-27T07:42:38Z,UBT795,"-33.715073,18.543745",4900,218,201
1764229360,2025-11-27T07:42:40Z,UBT795,"-33.716854,18.542862",4900,217,201
1764229363,2025-11-27T07:42:43Z,UBT795,"-33.718826,18.54195",4875,215,201
1764229365,2025-11-27T07:42:45Z,UBT795,"-33.720577,18.541145",4850,215,201
1764229367,2025-11-27T07:42:47Z,UBT795,"-33.7229,18.540045",4825,213,201
1764229373,2025-11-27T07:42:53Z,UBT795,"-33.728817,18.537254",4775,210,201
1764229382,2025-11-27T07:43:02Z,UBT795,"-33.736496,18.53388",4675,206,197
1764229384,2025-11-27T07:43:04Z,UBT795,"-33.738922,18.533207",4650,204,191
1764229386,2025-11-27T07:43:06Z,UBT795,"-33.740688,18.532963",4650,203,185
1764229388,2025-11-27T07:43:08Z,UBT795,"-33.742493,18.532871",4625,202,180
1764229390,2025-11-27T07:43:10Z,UBT795,"-33.744736,18.533039",4600,201,176
1764229393,2025-11-27T07:43:13Z,UBT795,"-33.74675,18.533319",4600,199,172
1764229395,2025-11-27T07:43:15Z,UBT795,"-33.748508,18.533649",4575,198,170
1764229397,2025-11-27T07:43:17Z,UBT795,"-33.750183,18.534048",4550,197,168
1764229399,2025-11-27T07:43:19Z,UBT795,"-33.751968,18.534552",4525,196,167
1764229401,2025-11-27T07:43:21Z,UBT795,"-33.75412,18.535112",4475,195,166
1764229403,2025-11-27T07:43:23Z,UBT795,"-33.756226,18.535728",4450,194,166
1764229406,2025-11-27T07:43:26Z,UBT795,"-33.758331,18.536346",4400,194,166
1764229408,2025-11-27T07:43:28Z,UBT795,"-33.760254,18.536907",4375,193,166
1764229410,2025-11-27T07:43:30Z,UBT795,"-33.762569,18.537598",4325,193,165
1764229413,2025-11-27T07:43:33Z,UBT795,"-33.764786,18.538252",4275,192,165
1764229415,2025-11-27T07:43:35Z,UBT795,"-33.767029,18.538925",4225,192,165
1764229418,2025-11-27T07:43:38Z,UBT795,"-33.768993,18.539543",4175,192,165
1764229420,2025-11-27T07:43:40Z,UBT795,"-33.770645,18.540102",4125,192,164
1764229422,2025-11-27T07:43:42Z,UBT795,"-33.772568,18.540663",4075,192,164
1764229424,2025-11-27T07:43:44Z,UBT795,"-33.774261,18.541222",4025,192,164
1764229433,2025-11-27T07:43:53Z,UBT795,"-33.781609,18.543606",3850,191,164
1764229439,2025-11-27T07:43:59Z,UBT795,"-33.787056,18.54538",3725,192,164
1764229448,2025-11-27T07:44:08Z,UBT795,"-33.794735,18.54784",3575,189,165
1764229456,2025-11-27T07:44:16Z,UBT795,"-33.801674,18.550072",3425,187,165
1764229465,2025-11-27T07:44:25Z,UBT795,"-33.808914,18.55232",3275,184,165
1764229474,2025-11-27T07:44:34Z,UBT795,"-33.815826,18.554506",3150,182,165
1764229480,2025-11-27T07:44:40Z,UBT795,"-33.821182,18.556189",3025,180,165
1764229489,2025-11-27T07:44:49Z,UBT795,"-33.828415,18.558487",2875,178,165
1764229495,2025-11-27T07:44:55Z,UBT795,"-33.833176,18.559999",2775,176,164
1764229504,2025-11-27T07:45:04Z,UBT795,"-33.840134,18.562243",2650,174,165
1764229513,2025-11-27T07:45:13Z,UBT795,"-33.847183,18.564428",2500,173,165
1764229520,2025-11-27T07:45:20Z,UBT795,"-33.852276,18.566036",2400,176,165
1764229526,2025-11-27T07:45:26Z,UBT795,"-33.857441,18.567638",2300,175,165
1764229535,2025-11-27T07:45:35Z,UBT795,"-33.864567,18.569927",2150,174,165
1764229541,2025-11-27T07:45:41Z,UBT795,"-33.869686,18.571529",2050,171,165
1764229548,2025-11-27T07:45:48Z,UBT795,"-33.875179,18.573246",1925,169,164
1764229557,2025-11-27T07:45:57Z,UBT795,"-33.881699,18.575359",1775,164,165
1764229566,2025-11-27T07:46:06Z,UBT795,"-33.888119,18.577366",1650,158,165
1764229575,2025-11-27T07:46:15Z,UBT795,"-33.893921,18.57917",1525,154,165
1764229581,2025-11-27T07:46:21Z,UBT795,"-33.898548,18.580685",1425,153,165
1764229590,2025-11-27T07:46:30Z,UBT795,"-33.904724,18.582645",1325,156,165
1764229599,2025-11-27T07:46:39Z,UBT795,"-33.910538,18.584438",1200,158,165
1764229605,2025-11-27T07:46:45Z,UBT795,"-33.91526,18.585949",1100,156,165
1764229614,2025-11-27T07:46:54Z,UBT795,"-33.921265,18.587894",975,155,164
1764229616,2025-11-27T07:46:56Z,UBT795,"-33.922943,18.588409",925,155,165
1764229622,2025-11-27T07:47:02Z,UBT795,"-33.927292,18.589764",850,152,165
1764229631,2025-11-27T07:47:11Z,UBT795,"-33.933231,18.591614",725,152,165
1764229637,2025-11-27T07:47:17Z,UBT795,"-33.937683,18.593071",650,154,165
1764229645,2025-11-27T07:47:25Z,UBT795,"-33.942398,18.594528",550,154,165
1764229651,2025-11-27T07:47:31Z,UBT795,"-33.947113,18.596043",450,154,164
1764229659,2025-11-27T07:47:39Z,UBT795,"-33.952641,18.597794",350,152,165
1764229666,2025-11-27T07:47:46Z,UBT795,"-33.957367,18.599293",250,152,165
1764229674,2025-11-27T07:47:54Z,UBT795,"-33.963024,18.601055",150,152,165
1764229683,2025-11-27T07:48:03Z,UBT795,"-33.968582,18.602825",125,135,164
1764229692,2025-11-27T07:48:12Z,UBT795,"-33.973042,18.604244",0,96,191
1764229693,2025-11-27T07:48:13Z,UBT795,"-33.973549,18.604408",0,86,191
1764229694,2025-11-27T07:48:14Z,UBT795,"-33.973915,18.604521",0,80,191
1764229695,2025-11-27T07:48:15Z,UBT795,"-33.97443,18.604689",0,74,191
1764229696,2025-11-27T07:48:16Z,UBT795,"-33.974705,18.604773",0,70,191
1764229697,2025-11-27T07:48:17Z,UBT795,"-33.975021,18.604874",0,64,191
1764229699,2025-11-27T07:48:19Z,UBT795,"-33.975288,18.604961",0,59,191
1764229700,2025-11-27T07:48:20Z,UBT795,"-33.975628,18.605061",0,55,191
1764229701,2025-11-27T07:48:21Z,UBT795,"-33.975849,18.605137",0,45,191
1764229703,2025-11-27T07:48:23Z,UBT795,"-33.976318,18.605276",0,37,191
1764229706,2025-11-27T07:48:26Z,UBT795,"-33.976593,18.60536",0,30,191
1764229708,2025-11-27T07:48:28Z,UBT795,"-33.976814,18.605433",0,23,191
1764229715,2025-11-27T07:48:35Z,UBT795,"-33.977291,18.605585",0,12,191
1764229723,2025-11-27T07:48:43Z,UBT795,"-33.977615,18.60569",0,9,194
1764229728,2025-11-27T07:48:48Z,UBT795,"-33.97784,18.605614",0,9,219
1764229734,2025-11-27T07:48:54Z,UBT795,"-33.977921,18.605347",0,9,264
1764229739,2025-11-27T07:48:59Z,UBT795,"-33.977898,18.605118",0,9,292
1764229743,2025-11-27T07:49:03Z,UBT795,"-33.977837,18.604889",0,10,303
1764229748,2025-11-27T07:49:08Z,UBT795,"-33.977779,18.604603",0,11,309
1764229752,2025-11-27T07:49:12Z,UBT795,"-33.977726,18.604338",0,12,309
1764229756,2025-11-27T07:49:16Z,UBT795,"-33.977669,18.604099",0,13,312
1764229759,2025-11-27T07:49:19Z,UBT795,"-33.977615,18.603844",0,13,312
1764229766,2025-11-27T07:49:26Z,UBT795,"-33.97752,18.603399",0,12,312
1764229773,2025-11-27T07:49:33Z,UBT795,"-33.977417,18.602978",0,10,312
1764229780,2025-11-27T07:49:40Z,UBT795,"-33.977337,18.602629",0,9,312
1764229787,2025-11-27T07:49:47Z,UBT795,"-33.97728,18.602329",0,8,312
1764229794,2025-11-27T07:49:54Z,UBT795,"-33.977177,18.602026",0,8,317
1764229802,2025-11-27T07:50:02Z,UBT795,"-33.976929,18.601799",0,9,348
1764229808,2025-11-27T07:50:08Z,UBT795,"-33.976707,18.601717",0,9,5
1764229814,2025-11-27T07:50:14Z,UBT795,"-33.976463,18.601612",0,10,5
1764229819,2025-11-27T07:50:19Z,UBT795,"-33.976242,18.601528",0,10,8
1764229825,2025-11-27T07:50:25Z,UBT795,"-33.975998,18.601423",0,11,5
1764229829,2025-11-27T07:50:29Z,UBT795,"-33.975792,18.601311",0,10,5
1764229835,2025-11-27T07:50:35Z,UBT795,"-33.975563,18.601185",0,8,2
1764229841,2025-11-27T07:50:41Z,UBT795,"-33.975357,18.601059",0,8,2
1764229848,2025-11-27T07:50:48Z,UBT795,"-33.975128,18.600925",0,9,2
1764229855,2025-11-27T07:50:55Z,UBT795,"-33.974831,18.600779",0,9,5
1764229861,2025-11-27T07:51:01Z,UBT795,"-33.974602,18.600697",0,9,8
1764229866,2025-11-27T07:51:06Z,UBT795,"-33.974361,18.600624",0,9,11
1764229873,2025-11-27T07:51:13Z,UBT795,"-33.974091,18.600525",0,9,11
1764229880,2025-11-27T07:51:20Z,UBT795,"-33.973778,18.600426",0,9,11
1764229888,2025-11-27T07:51:28Z,UBT795,"-33.973457,18.600315",0,10,11
1764229895,2025-11-27T07:51:35Z,UBT795,"-33.973137,18.600218",0,10,11
1764229902,2025-11-27T07:51:42Z,UBT795,"-33.972836,18.600124",0,10,11
1764229909,2025-11-27T07:51:49Z,UBT795,"-33.972496,18.600021",0,10,11
1764229917,2025-11-27T07:51:57Z,UBT795,"-33.972195,18.599926",0,8,11
1764229923,2025-11-27T07:52:03Z,UBT795,"-33.971939,18.599854",0,8,11
1764229930,2025-11-27T07:52:10Z,UBT795,"-33.971695,18.599781",0,8,11
1764229938,2025-11-27T07:52:18Z,UBT795,"-33.971397,18.599686",0,8,11
1764229945,2025-11-27T07:52:25Z,UBT795,"-33.971146,18.599628",0,7,16
1764229951,2025-11-27T07:52:31Z,UBT795,"-33.970928,18.599615",0,8,19
1764229957,2025-11-27T07:52:37Z,UBT795,"-33.970726,18.599567",0,8,16
1764229963,2025-11-27T07:52:43Z,UBT795,"-33.970505,18.599495",0,8,11
1764229969,2025-11-27T07:52:49Z,UBT795,"-33.970264,18.599419",0,9,11
1764229975,2025-11-27T07:52:55Z,UBT795,"-33.970028,18.599339",0,9,11
1764229983,2025-11-27T07:53:03Z,UBT795,"-33.969715,18.599237",0,10,11
1764229991,2025-11-27T07:53:11Z,UBT795,"-33.969395,18.599138",0,10,11
1764229997,2025-11-27T07:53:17Z,UBT795,"-33.969074,18.599037",0,10,11
1764230004,2025-11-27T07:53:24Z,UBT795,"-33.968739,18.598923",0,11,11
1764230012,2025-11-27T07:53:32Z,UBT795,"-33.96841,18.598808",0,9,11
1764230019,2025-11-27T07:53:39Z,UBT795,"-33.968136,18.598732",0,7,11
1764230030,2025-11-27T07:53:50Z,UBT795,"-33.96793,18.598663",0,2,11
1764230049,2025-11-27T07:54:09Z,UBT795,"-33.967724,18.598593",0,3,11
1764230063,2025-11-27T07:54:23Z,UBT795,"-33.967564,18.598354",0,5,337
1764230072,2025-11-27T07:54:32Z,UBT795,"-33.967587,18.598129",0,4,303
1764230082,2025-11-27T07:54:42Z,UBT795,"-33.967644,18.597908",0,6,286
1764230089,2025-11-27T07:54:49Z,UBT795,"-33.967701,18.597681",0,5,281
1764230103,2025-11-27T07:55:03Z,UBT795,"-33.967735,18.597479",0,0,281
